"","end_year","start_year","state","end_year_education","start_year_education","party","medhh_state_start","medhh_state_end","medhh_us_start","medhh_us_end","medhh_state_delta_abs","medhh_us_delta_abs","medhh_state_delta_pct","medhh_us_delta_pct","medhh_performance_abs","medhh_performance_pct","poverty_state_start","poverty_state_end","poverty_us_start","poverty_us_end","poverty_state_delta_abs","poverty_us_delta_abs","poverty_state_delta_pct","poverty_us_delta_pct","poverty_performance_abs","poverty_performance_pct","uninsured_state_start","uninsured_state_end","uninsured_us_start","uninsured_us_end","uninsured_state_delta_abs","uninsured_us_delta_abs","uninsured_state_delta_pct","uninsured_us_delta_pct","uninsured_performance_abs","uninsured_performance_pct","no_hsd_state_start","no_hsd_state_end","no_hsd_us_start","no_hsd_us_end","no_hsd_state_delta_abs","no_hsd_us_delta_abs","no_hsd_state_delta_pct","no_hsd_us_delta_pct","no_hsd_performance_abs","no_hsd_performance_pct","bach_plus_state_start","bach_plus_state_end","bach_plus_us_start","bach_plus_us_end","bach_plus_state_delta_abs","bach_plus_us_delta_abs","bach_plus_state_delta_pct","bach_plus_us_delta_pct","bach_plus_performance_abs","bach_plus_performance_pct","gdp_state_start","gdp_state_end","gdp_us_start","gdp_us_end","gdp_state_delta_abs","gdp_us_delta_abs","gdp_state_delta_pct","gdp_us_delta_pct","gdp_performance_abs","gdp_performance_pct","unemployment_state_start","unemployment_state_end","unemployment_us_start","unemployment_us_end","unemployment_state_delta_abs","unemployment_us_delta_abs","unemployment_state_delta_pct","unemployment_us_delta_pct","unemployment_performance_abs","unemployment_performance_pct","democrats"
"1","2002","1999","Alabama",NA,NA,"D",36251,37603,40696,42409,1352,1713,3.72955228821274,4.20925889522312,-361,-0.479706607010379,15.2233363719234,14.4404332129964,11.8714881538551,12.1151689331277,-0.782903158927038,0.243680779272651,-5.14278302600575,2.05265570848858,-1.02658393819969,-7.19543873449433,11.9589977220957,12.2297297297297,13.6204679123134,13.9109511668818,0.270732007634058,0.290483254568347,2.26383526383526,2.13269658897503,-0.0197512469342893,0.131138674860229,NA,NA,NA,NA,NA,NA,NA,NA,NA,NA,NA,NA,NA,NA,NA,NA,NA,NA,NA,NA,26214.8814949863,28834.0027075812,34513.5615,38023.16111,2619.1212125949,3509.59961,9.99097101810595,10.168755287686,-890.478397405095,-0.17778426958002,4.73798951173109,5.89897923283168,4.21904597899087,5.78339534594755,1.16098972110059,1.56434936695668,24.5038474278177,37.0782725466017,-0.403359645856087,-12.574425118784,1
"2","2002","1999","Hawaii",NA,NA,"D",44504,47303,40696,42409,2799,1713,6.28932230810714,4.20925889522312,1086,2.08006341288402,10.8571428571429,11.3207547169811,11.8714881538551,12.1151689331277,0.463611859838275,0.243680779272651,4.27010923535254,2.05265570848858,0.219931080565624,2.21745352686396,9.20945395273024,8.74183006535948,13.6204679123134,13.9109511668818,-0.46762388737076,0.290483254568347,-5.07765052923825,2.13269658897503,-0.758107141939107,-7.21034711821328,NA,NA,NA,NA,NA,NA,NA,NA,NA,NA,NA,NA,NA,NA,NA,NA,NA,NA,NA,NA,32041.1428571429,37282.2805578343,34513.5615,38023.16111,5241.13770069143,3509.59961,16.3575242121023,10.168755287686,1731.53809069143,6.18876892441634,5.39270567434115,4.21517529670973,4.21904597899087,5.78339534594755,-1.17753037763142,1.56434936695668,-21.8356136741188,37.0782725466017,-2.74187974458809,-58.9138862207205,1
"3","2002","1999","Michigan",NA,NA,"R",46089,42715,40696,42409,-3374,1713,-7.3206188027512,4.20925889522312,-5087,-11.5298776979743,9.72940708316753,11.639890876023,11.8714881538551,12.1151689331277,1.91048379285551,0.243680779272651,19.6361790243186,2.05265570848858,1.66680301358286,17.58352331583,8.97181421198889,9.81836528758829,13.6204679123134,13.9109511668818,0.846551075599409,0.290483254568347,9.43567327183589,2.13269658897503,0.556067821031062,7.30297668286086,NA,NA,NA,NA,NA,NA,NA,NA,NA,NA,NA,NA,NA,NA,NA,NA,NA,NA,NA,NA,33581.4962196578,36604.1325654239,34513.5615,38023.16111,3022.63634576609,3509.59961,9.00089836972992,10.168755287686,-486.963264233906,-1.16785691795604,3.7092848624358,6.27333375721352,4.21904597899087,5.78339534594755,2.56404889477772,1.56434936695668,69.1251545747814,37.0782725466017,0.999699527821039,32.0468820281797,0
"4","2002","1999","Kansas",NA,NA,"R",37348,42619,40696,42409,5271,1713,14.1132055264003,4.20925889522312,3558,9.90394663117723,12.2840690978887,10.0335695635957,11.8714881538551,12.1151689331277,-2.250499534293,0.243680779272651,-18.320472771354,2.05265570848858,-2.49418031356565,-20.3731284798425,11.2260536398467,9.34823091247672,13.6204679123134,13.9109511668818,-1.87782272737002,0.290483254568347,-16.7273628615555,2.13269658897503,-2.16830598193837,-18.8600594505305,NA,NA,NA,NA,NA,NA,NA,NA,NA,NA,NA,NA,NA,NA,NA,NA,NA,NA,NA,NA,31421.4971209213,33923.6478925774,34513.5615,38023.16111,2502.1507716561,3509.59961,7.96318126417374,10.168755287686,-1007.4488383439,-2.20557402351223,3.27806066081696,5.05380696864999,4.21904597899087,5.78339534594755,1.77574630783303,1.56434936695668,54.1706359817782,37.0782725466017,0.211396940876353,17.0923634351765,0
"5","2002","1999","Georgia",NA,NA,"D",39425,42939,40696,42409,3514,1713,8.91312618896639,4.20925889522312,1801,4.70386729374327,12.8348355973086,11.1612979912041,11.8714881538551,12.1151689331277,-1.67353760610453,0.243680779272651,-13.0390264325276,2.05265570848858,-1.91721838537718,-15.0916821410162,14.168143833882,14.6332779492048,13.6204679123134,13.9109511668818,0.465134115322845,0.290483254568347,3.28295732155481,2.13269658897503,0.174650860754499,1.15026073257978,NA,NA,NA,NA,NA,NA,NA,NA,NA,NA,NA,NA,NA,NA,NA,NA,NA,NA,NA,NA,36688.3712073124,38860.0499227386,34513.5615,38023.16111,2171.67871542619,3509.59961,5.91925627647746,10.168755287686,-1337.92089457381,-4.2494990112085,3.92695411748023,5.00999262655305,4.21904597899087,5.78339534594755,1.08303850907283,1.56434936695668,27.5796069083631,37.0782725466017,-0.481310857883852,-9.49866563823865,1
"6","2002","1999","Wyoming",NA,NA,"R",37248,39763,40696,42409,2515,1713,6.75204037800687,4.20925889522312,802,2.54278148278375,11.5702479338843,9.01639344262295,11.8714881538551,12.1151689331277,-2.55385449126135,0.243680779272651,-22.0725995316159,2.05265570848858,-2.797535270534,-24.1252552401045,14.5790554414784,14.7540983606557,13.6204679123134,13.9109511668818,0.175042919177299,0.290483254568347,1.2006465019626,2.13269658897503,-0.115440335391048,-0.932050087012432,NA,NA,NA,NA,NA,NA,NA,NA,NA,NA,NA,NA,NA,NA,NA,NA,NA,NA,NA,NA,32460.5371900826,39171.3114754098,34513.5615,38023.16111,6710.77428532719,3509.59961,20.6736390283075,10.168755287686,3201.17467532719,10.5048837406215,4.62516840590962,4.04235269675677,4.21904597899087,5.78339534594755,-0.582815709152851,1.56434936695668,-12.6009619110989,37.0782725466017,-2.14716507610953,-49.6792344577006,0
"7","2002","1999","Pennsylvania",NA,NA,"R",37758,42498,40696,42409,4740,1713,12.5536310185921,4.20925889522312,3027,8.34437212336897,9.34884499497824,9.46745562130178,11.8714881538551,12.1151689331277,0.118610626323536,0.243680779272651,1.26871957324405,2.05265570848858,-0.125070152949116,-0.783936135244528,7.78873474845395,10.1640689089418,13.6204679123134,13.9109511668818,2.3753341604878,0.290483254568347,30.4970478158766,2.13269658897503,2.08485090591945,28.3643512269016,NA,NA,NA,NA,NA,NA,NA,NA,NA,NA,NA,NA,NA,NA,NA,NA,NA,NA,NA,NA,32617.6514897891,35912.6808021039,34513.5615,38023.16111,3295.0293123148,3509.59961,10.101982091955,10.168755287686,-214.570297685201,-0.066773195730935,4.38745664231933,5.62881644757546,4.21904597899087,5.78339534594755,1.24135980525612,1.56434936695668,28.2933805723014,37.0782725466017,-0.322989561700552,-8.78489197430037,0
"8","2002","1999","Maryland",NA,NA,"D",52205,56407,40696,42409,4202,1713,8.04903744852026,4.20925889522312,2489,3.83977855329714,7.2687660922955,7.38143568924156,11.8714881538551,12.1151689331277,0.112669596946052,0.243680779272651,1.55005121248124,2.05265570848858,-0.131011182326599,-0.502604496007333,10.003954132068,11.6892634664712,13.6204679123134,13.9109511668818,1.68530933440322,0.290483254568347,16.8464320423152,2.13269658897503,1.39482607983488,14.7137354533402,NA,NA,NA,NA,NA,NA,NA,NA,NA,NA,NA,NA,NA,NA,NA,NA,NA,NA,NA,NA,35691.6221033868,40284.0560989112,34513.5615,38023.16111,4592.43399552444,3509.59961,12.8669803300665,10.168755287686,1082.83438552444,2.6982250423805,3.57099604174658,4.44094225900485,4.21904597899087,5.78339534594755,0.869946217258271,1.56434936695668,24.3614444566222,37.0782725466017,-0.694403149698407,-12.7168280899795,1
"9","2003","2000","Mississippi",NA,NA,"D",34299,32728,41990,43318,-1571,1328,-4.58030846380361,3.16265777566087,-2899,-7.74296623946448,14.9606299212598,15.9943879340582,11.3223036799369,12.4642859625585,1.03375801279838,1.14198228262157,6.90985619081022,10.0861301277863,-0.108224269823195,-3.17627393697609,13.1428571428571,17.5192711983182,13.0890071086911,14.5514777299847,4.37641405546101,1.46247062129367,33.298802595899,11.1732739477435,2.91394343416733,22.1255286481555,NA,NA,NA,NA,NA,NA,NA,NA,NA,NA,NA,NA,NA,NA,NA,NA,NA,NA,NA,NA,23495.3113815319,25721.5713784637,36334.90878,39496.48588,2226.25999693185,3161.5771,9.4753372738093,8.7012110561297,-935.317103068155,0.7741262176796,5.3837512677504,6.30970220941403,3.99206076460728,5.98866971537779,0.925950941663625,1.99660895077051,17.1989918481233,50.0144929774616,-1.07065800910688,-32.8155011293383,1
"10","2003","1999","California",NA,NA,"D",43629,49300,40696,43318,5671,2622,12.998235118843,6.44289365048162,3049,6.55534146836135,14.0424269396232,13.1241326573961,11.8714881538551,12.4642859625585,-0.91829428222707,0.592797808703414,-6.53942716722235,4.99345828442674,-1.51109209093048,-11.5328854516491,19.0070418367951,17.2656382437701,13.6204679123134,14.5514777299847,-1.74140359302495,0.931009817671333,-9.16188646280467,6.83537323141201,-2.67241341069628,-15.9972596942167,NA,NA,NA,NA,NA,NA,NA,NA,NA,NA,NA,NA,NA,NA,NA,NA,NA,NA,NA,NA,37000.2373535084,43255.0907700586,34513.5615,39496.48588,6254.85341655024,4982.92438,16.9049007896625,14.43758384657,1271.92903655025,2.46731694309253,5.24665277828539,6.79942107760456,4.21904597899087,5.98866971537779,1.55276829931917,1.76962373638692,29.5954080617969,41.943694029383,-0.216855437067748,-12.348285967586,1
"11","2004","1999","Montana",NA,NA,"R",31038,33956,40696,44334,2918,3638,9.40137895482956,8.93945350894437,-720,0.461925445885194,15.8249158249158,14.2070484581498,11.8714881538551,12.7461168422719,-1.61786736676605,0.874628688416815,-10.2235448495642,7.36747303355387,-2.49249605518286,-17.591017883118,17.3184357541899,17.5438596491228,13.6204679123134,14.3395863528022,0.22542389493286,0.719118440488776,1.30164119977361,5.27968969288248,-0.493694545555917,-3.97804849310887,NA,NA,NA,NA,NA,NA,NA,NA,NA,NA,NA,NA,NA,NA,NA,NA,NA,NA,NA,NA,23378.1144781145,30770.0440528634,34513.5615,41712.80107,7391.92957474896,7199.23957,31.6190152189944,20.8591616081116,192.690004748958,10.7598536108828,5.25008990617456,4.7592971614534,4.21904597899087,5.52845638767715,-0.490792744721163,1.30941040868628,-9.34827314374079,31.035698952005,-1.80020315340744,-40.3839720957458,0
"12","2006","2003","Alaska","2006","2003","R",51837,56418,43318,48201,4581,4883,8.83731697436194,11.2724502516275,-302,-2.43513327726556,9.64230171073095,8.81458966565349,12.4642859625585,12.2989529360967,-0.827712045077453,-0.165333026461761,-8.58417491910971,-1.32645405407422,-0.662379018615692,-7.25772086503549,17.5193798449612,16.3884673748103,14.5514777299847,15.2325957469746,-1.13091247015092,0.681118016989901,-6.45520834732165,4.68074809740038,-1.81203048714083,-11.135956444722,13.0708661417323,11.8361153262519,16.5265988885508,15.9824935167476,-1.23475081548039,-0.544105371803264,-9.44658756421743,-3.29230094753619,-0.690645443677125,-6.15428661668124,14.6456692913386,17.6024279210926,18.4036120349872,19.0818625482415,2.95675862975398,0.678250513254305,20.188620751546,3.68542062267385,2.27850811649967,16.5032001288721,49455.2099533437,67530.8510638298,39496.48588,46298.73144,18075.6411104861,6802.24556,36.549518498736,17.2224070279743,11273.3955504861,19.3271114707617,7.82285953767159,6.61984437689274,5.98866971537779,4.6233193332805,-1.20301516077885,-1.36535038209729,-15.3782022415926,-22.798892692167,0.162335221318435,7.42069045057445,0
"13","2006","1999","Ohio","2006","2003","R",39489,45900,40696,48201,6411,7505,16.2349008584669,18.4416158836249,-1094,-2.20671502515801,11.9664973714693,12.1359653005223,11.8714881538551,12.2989529360967,0.169467929052958,0.427464782241653,1.41618657316556,3.60076830050023,-0.257996853188695,-2.18458172733467,9.91639985770188,9.55031363194628,13.6204679123134,15.2325957469746,-0.3660862257556,1.61212783466123,-3.69172513219369,11.8360679312919,-1.97821406041683,-15.5277930634856,14.8821131005141,13.9756484912652,16.5265988885508,15.9824935167476,-0.906464609248875,-0.544105371803264,-6.09096707656093,-3.29230094753619,-0.362359237445611,-2.79866612902474,16.7789399042723,16.1725780836421,18.4036120349872,19.0818625482415,-0.606361820630152,0.678250513254305,-3.61382676193839,3.68542062267385,-1.28461233388446,-7.29924738461224,33505.7293058897,42239.5680269098,34513.5615,46298.73144,8733.83872102011,11785.16994,26.0667023280847,34.1464903296056,-3051.33121897989,-8.07978800152093,4.28415886590285,5.39984815360639,4.21904597899087,4.6233193332805,1.11568928770353,0.40427335428963,26.0422015762109,9.58210354432606,0.711415933413901,16.4600980318848,0
"14","2007","2004","Louisiana","2007","2004","D",36429,41313,44334,50233,4884,5899,13.4069010952812,13.3058149501511,-1015,0.101086145130106,16.83638832315,16.0774008600096,12.7461168422719,12.4789924406264,-0.758987463140478,-0.267124401645436,-4.50801827905615,-2.09573162517647,-0.491863061495042,-2.41228665387968,17.0323456231622,17.9652132475578,14.3395863528022,14.7399249764298,0.932867624395598,0.400338623627579,5.47703554774627,2.79184220365845,0.532529000768019,2.68519334408781,20.8624971776925,17.1177587844255,16.1561676148189,15.7564752176374,-3.74473839326703,-0.399692397181537,-17.9496172551728,-2.47393074094458,-3.34504599608549,-15.4756865142282,14.7663129374577,16.0018993352327,18.7657832662689,19.6426165000135,1.235586397775,0.876833233744573,8.36760268462613,4.67251071433113,0.35875316403043,3.695091970295,38441.5478615071,49364.8112756808,41712.80107,47975.96768,10923.2634141737,6263.16661,28.4152538641961,15.0149748982082,4660.09680417371,13.400278965988,5.92192328988757,4.25505089059777,5.52845638767715,4.62239753402471,-1.6668723992898,-0.906058853652441,-28.147483810474,-16.3890024649924,-0.760813545637355,-11.7584813454816,1
"15","2008","2005","Missouri","2008","2005","R",42986,46038,46326,50303,3052,3977,7.09998604196715,8.58481198463066,-925,-1.48482594266351,11.5674916622784,13.308309162259,12.6058389678441,13.2306680441,1.74081749998061,0.624829076255956,15.0492219990736,4.95666395429783,1.11598842372465,10.0925580447758,11.4010507880911,12.3828989950605,14.6460246261495,14.8532421396895,0.981848206969397,0.207217513540009,8.61190977234295,1.4148379429189,0.774630693429389,7.19707182942405,15.9779123619523,14.9024348126403,16.1316912002088,15.0715799749921,-1.07547754931196,-1.06011122521667,-6.73102671330807,-6.57160623805488,-0.0153663240952859,-0.159420475253187,17.1891699323121,17.3717838024521,18.8019892432496,20.2235996603211,0.182613870140006,1.42161041707153,1.06237747872124,7.56095750656773,-1.23899654693153,-6.49858002784649,39230.6652624188,42753.9839617813,44114.74778,48382.55845,3523.31869936245,4267.81067,8.98103225065019,9.67433995380308,-744.491970637544,-0.693307703152893,5.39415033359541,6.14132657963053,5.08371283150281,5.78402587385846,0.747176246035127,0.700313042355646,13.8516021954677,13.7756215893222,0.0468632036794814,0.0759806061454285,0
"16","2009","2004","New Jersey","2009","2004","D",55275,64777,44334,49777,9502,5443,17.1904115784713,12.2772589885866,4059,4.91315258988464,8.00970873786408,9.30715935334873,12.7461168422719,14.3417154894345,1.29745061548465,1.59559864716265,16.1984743508993,12.5183117878767,-0.298148031678004,3.68016256302261,12.6298776264142,14.4700460829493,14.3395863528022,16.0986591297489,1.84016845653509,1.75907277694674,14.5699626787083,12.2672490939949,0.0810956795883495,2.30271358471347,13.975987877375,13.6790239324261,16.1561676148189,14.8582175446045,-0.296963944948894,-1.29795007021442,-2.12481541594376,-8.0337744764662,1.00098612526553,5.90895906052245,23.697400629444,26.1731581417175,18.7657832662689,20.3696394158211,2.47575751227351,1.60385614955222,10.4473800776166,8.54670506844827,0.871901362721289,1.90067500916828,48877.6121128063,56179.3071593533,41712.80107,47099.98047,7301.69504654706,5387.1794,14.9387311100535,12.9149308169441,1914.51564654706,2.02380029310942,4.83634697279091,9.05530974180583,5.52845638767715,9.25445368556266,4.21896276901493,3.72599729788551,87.2344931567284,67.3967023813501,0.492965471129414,19.8377907753783,1
"17","2010","2003","Maine","2010","2003","D",37113,47931,43318,49276,10818,5958,29.1488157788376,13.7540976037675,4860,15.3947181750701,11.6497263487099,12.6348228043143,12.4642859625585,15.138438822976,0.985096455604401,2.67415286041753,8.45596219273845,21.454521088897,-1.68905640481313,-12.9985588961585,9.58690568978956,9.30769230769231,14.5514777299847,16.2944091233816,-0.279213382097248,1.74293139339686,-2.91244527829894,11.9776934393775,-2.02214477549411,-14.8901387176765,15.5240346729708,13.1538461538462,16.5265988885508,14.4695675036151,-2.37018851912469,-2.05703138493572,-15.2678641155798,-12.4467919794482,-0.313157134188964,-2.82107213613161,16.7060677698976,21.3846153846154,18.4036120349872,20.5619823846457,4.67854761471783,2.1583703496585,28.0050798258346,11.7279713653777,2.52017726505933,16.2771084604569,32711.8842845973,39838.7519260401,39496.48588,48467.51578,7126.86764144272,8971.0299,21.7867842140737,22.7134888082352,-1844.16225855728,-0.926704594161485,4.96887503931766,8.13484814048695,5.98866971537779,9.63356705157614,3.16597310116929,3.64489733619835,63.7160942088019,60.8632218744495,-0.478924235029059,2.85287233435244,1
"18","2010","2007","New Hampshire","2010","2007","D",67576,66633,50233,49276,-943,-957,-1.39546584586244,-1.90512213087014,14,0.509656285007708,5.79268292682927,6.49149922720247,12.4789924406264,15.138438822976,0.698816300373204,2.65944638234957,12.0637761327585,21.311387077145,-1.96063008197636,-9.24761094438654,9.96955859969558,10.1002313030069,14.7399249764298,16.2944091233816,0.130672703311355,1.55448414695184,1.31071703932153,10.5460790976723,-1.42381144364049,-9.2353620583508,12.070282658518,10.4261796042618,15.7564752176374,14.4695675036151,-1.64410305425616,-1.2869077140223,-13.6210816330463,-8.16748477211304,-0.35719534023386,-5.45359686093323,23.4530175706646,27.0928462709285,19.6426165000135,20.5619823846457,3.63982870026383,0.919365884632242,15.5196604841868,4.68046547989985,2.72046281563159,10.839195004287,46290.1676829268,49576.1978361669,47975.96768,48467.51578,3286.03015324009,491.5481,7.09876485163841,1.02457151730347,2794.48205324009,6.07419333433494,3.51436833789105,5.84105535064348,4.62239753402471,9.63356705157614,2.32668701275242,5.01116951755142,66.2049844823223,108.410613337884,-2.684482504799,-42.2056288555619,1
"19","2010","2007","Iowa","2010","2007","D",48908,49016,50233,49276,108,-957,0.220822769281099,-1.90512213087014,1065,2.12594490015124,8.90387858347386,10.3123950285522,12.4789924406264,15.138438822976,1.40851644507837,2.65944638234957,15.8191335593082,21.311387077145,-1.2509299372712,-5.4922535178368,8.82154882154882,12.2278056951424,14.7399249764298,16.2944091233816,3.40625687359356,1.55448414695184,38.6129118876827,10.5460790976723,1.85177272664171,28.0668327900103,12.1616992120589,12.1535893155259,15.7564752176374,14.4695675036151,-0.00810989653304617,-1.2869077140223,-0.0666839098027092,-8.16748477211304,1.27879781748925,8.10080086231033,16.7523124357657,17.5292153589316,19.6426165000135,20.5619823846457,0.776902923165878,0.919365884632242,4.63758616098404,4.68046547989985,-0.142462961466364,-0.0428793189158032,46197.976391231,47525.0251931475,47975.96768,48467.51578,1327.04880191643,491.5481,2.87252582381146,1.02457151730347,835.500701916433,1.84795430650799,3.69397540882423,6.00817145638901,4.62239753402471,9.63356705157614,2.31419604756477,5.01116951755142,62.6478466000771,108.410613337884,-2.69697346998665,-45.7627667378071,1
"20","2010","2007","Oregon","2010","2007","D",50236,50602,50233,49276,366,-957,0.728561191177642,-1.90512213087014,1323,2.63368332204779,12.7891518213241,14.3123667377399,12.4789924406264,15.138438822976,1.52321491641576,2.65944638234957,11.9102106042405,21.311387077145,-1.13623146593381,-9.40117647290455,16.2147793726741,16.0212201591512,14.7399249764298,16.2944091233816,-0.193559213522914,1.55448414695184,-1.19372092012,10.5460790976723,-1.74804336047475,-11.7398000177923,14.1588156123822,12.3076923076923,15.7564752176374,14.4695675036151,-1.85112330468992,-1.2869077140223,-13.0739982451009,-8.16748477211304,-0.564215590667626,-4.90651347298785,20.9690444145357,21.3298565840939,19.6426165000135,20.5619823846457,0.360812169558205,0.919365884632242,1.72068961477372,4.68046547989985,-0.558553715074037,-2.95977586512612,42943.8978994948,43664.0724946695,47975.96768,48467.51578,720.1745951747,491.5481,1.67701263835012,1.02457151730347,228.6264951747,0.652441121046647,5.15119946965447,10.6330067100495,4.62239753402471,9.63356705157614,5.48180724039508,5.01116951755142,106.418073551378,108.410613337884,0.470637722843651,-1.99253978650653,1
"21","2010","2007","Colorado","2010","2007","D",61141,60233,50233,49276,-908,-957,-1.48509183690159,-1.90512213087014,49,0.420030293968557,9.8111658456486,12.3123123123123,12.4789924406264,15.138438822976,2.50114646666371,2.65944638234957,25.49285687361,21.311387077145,-0.158299915685861,4.18146979646498,15.9729341808489,12.877424515097,14.7399249764298,16.2944091233816,-3.0955096657519,1.55448414695184,-19.3797184080514,10.5460790976723,-4.64999381270374,-29.9257975057237,13.4291068082448,11.5268557634279,15.7564752176374,14.4695675036151,-1.90225104481697,-1.2869077140223,-14.1651345244277,-8.16748477211304,-0.615343330794667,-5.99764975231469,25.5881740578805,28.3041641520821,19.6426165000135,20.5619823846457,2.71599009420159,0.919365884632242,10.6142395626121,4.68046547989985,1.79662420956935,5.93377408271223,50501.539408867,51079.1791791792,47975.96768,48467.51578,577.639770312184,491.5481,1.14380626229141,1.02457151730347,86.0916703121839,0.119234744987934,3.73249740962976,8.73629110374807,4.62239753402471,9.63356705157614,5.00379369411831,5.01116951755142,134.060205405867,108.410613337884,-0.00737582343311693,25.6495920679824,1
"22","2010","1999","North Carolina","2010","2003","D",37254,43830,40696,49276,6576,8580,17.6517957803189,21.0831531354433,-2004,-3.43135735512439,13.7651300540819,17.4484453467251,11.8714881538551,15.138438822976,3.68331529264318,3.26695066912095,26.7583036133461,27.5193019340213,0.416364623522234,-0.760998320675231,12.5209110796551,17.1178853123001,13.6204679123134,16.2944091233816,4.59697423264502,2.6739412110682,36.7143748837456,19.6317867218853,1.92303302157682,17.0825881618602,18.3655966674835,14.4094993581515,16.5265988885508,14.4695675036151,-3.95609730933199,-2.05703138493572,-21.5408046956422,-12.4467919794482,-1.89906592439626,-9.09401271619397,16.6380789022298,19.1163885323064,18.4036120349872,20.5619823846457,2.47830963007653,2.1583703496585,14.8954073642744,11.7279713653777,0.319939280418026,3.16743599889671,34002.5109451455,44364.3979057592,34513.5615,48467.51578,10361.8869606137,13953.95428,30.4738875823905,40.4303516459754,-3592.06731938634,-9.95646406358497,3.20006921360235,10.8532713148877,4.21904597899087,9.63356705157614,7.65320210128531,5.41452107258526,239.157392869951,128.335199463276,2.23868102870004,110.822193406675,1
"23","2010","2003","New Mexico","2010","2003","D",35105,45134,43318,49276,10029,5958,28.5685799743626,13.7540976037675,4071,14.8144823705951,18.1039100160686,18.29808165273,12.4642859625585,15.138438822976,0.194171636661398,2.67415286041753,1.07253978002021,21.454521088897,-2.47998122375613,-20.3819813088767,21.2720470336718,21.3864306784661,14.5514777299847,16.2944091233816,0.114383644794241,1.74293139339686,0.537718088969913,11.9776934393775,-1.62854774860262,-11.4399753504076,18.5326086956522,16.5318503538928,16.5265988885508,14.4695675036151,-2.00075834175935,-2.05703138493572,-10.7958807883789,-12.4467919794482,0.0562730431763701,1.65091119106932,15.3260869565217,18.149646107179,18.4036120349872,20.5619823846457,2.82355915065723,2.1583703496585,18.4232228269833,11.7279713653777,0.665188800998726,6.69525146160564,33688.2163899304,41312.9365469749,39496.48588,48467.51578,7624.72015704455,8971.0299,22.6331963342637,22.7134888082352,-1346.30974295545,-0.0802924739715039,5.85155047036741,8.11184418558939,5.98866971537779,9.63356705157614,2.26029371522198,3.64489733619835,38.6272617260713,60.8632218744495,-1.38460362097637,-22.2359601483782,1
"24","2012","2007","Arkansas","2012","2007","D",40795,39018,50233,51017,-1777,784,-4.35592597132001,1.5607270121235,-2561,-5.91665298344352,13.8066357474135,20.0756273633551,12.4789924406264,14.9670528474259,6.26899161594162,2.48806040679943,45.4056421175307,19.9379911370034,3.78093120914219,25.4676509805272,15.7219251336898,18.3596431022649,14.7399249764298,15.4125792308978,2.63771796857509,0.672654254468039,16.7773217729096,4.56348492644069,1.96506371410705,12.2138368464689,18.6366932559826,14.0941904434514,15.7564752176374,14.1010986733673,-4.54250281253124,-1.6553765442701,-24.373974235333,-10.506007983417,-2.88712626826114,-13.867966251916,13.2342277012328,16.1567548985906,19.6426165000135,21.4411304711052,2.9225271973578,1.7985139710917,22.0830959186653,9.15618329712068,1.1240132262661,12.9269126215446,34587.2993221548,37382.3306978343,47975.96768,51610.60528,2795.03137567948,3634.6376,8.08109170260983,7.57595474518212,-839.606224320523,0.505136957427702,5.31022052401109,7.56848057684474,4.62239753402471,8.0696886594612,2.25826005283365,3.44729112543649,42.5266717761067,74.5779890210988,-1.18903107260284,-32.0513172449921,1
"25","2012","2005","Washington","2012","2005","D",50646,62187,46326,51017,11541,4691,22.7875844094302,10.1260631179036,6850,12.6615212915266,10.1972101972102,11.610268378063,12.6058389678441,14.9670528474259,1.41305818085281,2.36121387958182,13.8573016886462,18.7311125075053,-0.948155698729005,-4.87381081885911,12.544,13.57485814055,14.6460246261495,15.4125792308978,1.03085814054998,0.76655460474834,8.21793798270071,5.2338748862931,0.264303535801638,2.98406309640761,12.3242889833279,12.7328736981077,16.1316912002088,14.1010986733673,0.408584714779787,-2.03059252684153,3.31528021886304,-12.5875985452489,2.43917724162131,15.9028787641119,21.1343576332135,23.6467654393428,18.8019892432496,21.4411304711052,2.51240780612935,2.63914122785563,11.8877888305486,14.0365000410962,-0.126733421726275,-2.14871121054757,47474.859708193,58468.9760793466,44114.74778,51610.60528,10994.1163711535,7495.85750000001,23.1577648438131,16.9917269784286,3498.25887115351,6.16603786538447,5.55516234167141,8.1241166808113,5.08371283150281,8.0696886594612,2.56895433913989,2.98597582795839,46.244451217369,58.736123123534,-0.417021488818501,-12.491671906165,1
"26","2014","2003","Illinois","2014","2003","D",45153,54916,43318,53657,9763,10339,21.6220406174562,23.8676762546747,-576,-2.24563563721853,12.6188966391883,13.7466729293878,12.4642859625585,14.7740370609619,1.12777629019949,2.30975109840338,8.93720205851553,18.5309540020315,-1.1819748082039,-9.59375194351597,13.7947418435223,8.91545553992811,14.5514777299847,10.4273677285494,-4.87928630359422,-4.12411000143536,-35.3706242490171,-28.3415202082001,-0.75517630215886,-7.02910404081703,15.5070377479207,12.1910777733912,16.5265988885508,13.3210823020453,-3.31595997452943,-3.20551658650547,-21.3835809806684,-19.396105684674,-0.110443388023963,-1.98747529599443,19.2498400511836,24.753257007501,18.4036120349872,22.5817772290337,5.50341695631737,4.17816519404645,28.5894165441597,22.7029627993859,1.32525176227092,5.88645374477382,41966.9784400761,59958.5251291686,39496.48588,55047.72556,17991.5466890925,15551.23968,42.8707220720747,39.3737299243494,2440.30700909253,3.49699214772529,6.75552492523675,7.08811563525841,5.98866971537779,6.16782750349534,0.332590710021663,0.179157788117547,4.92324006946074,2.99161243869408,0.153432921904116,1.93162763076666,1
"27","2014","2007","Maryland","2014","2007","D",65630,76165,50233,53657,10535,3424,16.0521103154045,6.81623633866184,7111,9.23587397674271,8.83093525179856,9.84159083249073,12.4789924406264,14.7740370609619,1.01065558069217,2.29504462033542,11.4444908933777,18.3912654106889,-1.28438903964325,-6.94677451731118,12.7044025157233,5.7753830611214,14.7399249764298,10.4273677285494,-6.92901945460187,-4.31255724788038,-54.5403016476088,-29.2576607735554,-2.61646220672149,-25.2826408740534,15.0008907892393,11.6017461383479,15.7564752176374,13.3210823020453,-3.39914465089138,-2.43539291559204,-22.6596186763104,-15.4564576274389,-0.96375173529934,-7.20316104887142,24.9242829146624,29.1638683680322,19.6426165000135,22.5817772290337,4.23958545336984,2.93916072902019,17.0098592921837,14.963183387601,1.30042472434966,2.04667590458267,51775.6834532374,59407.5328614762,47975.96768,55047.72556,7631.84940823883,7071.75788,14.7402195378681,14.7402089462138,560.091528238831,1.05916542807449e-05,3.45935179155946,5.81118189665993,4.62239753402471,6.16782750349534,2.35183010510047,1.54542996947063,67.9847048466926,33.4335149258576,0.806400135629846,34.551189920835,1
"28","2014","2011","Pennsylvania","2014","2011","R",49910,55173,50054,53657,5263,3603,10.5449809657383,7.19822591601071,1660,3.34675504972762,12.6329054107269,12.5277337559429,14.993062219571,14.7740370609619,-0.105171654783996,-0.219025158609163,-0.832521509222195,-1.46084339144048,0.113853503825167,0.62832188221829,10.8131487889273,8.08584778648927,15.7411754801232,10.4273677285494,-2.72730100243807,-5.3138077515738,-25.2220796705472,-33.7573757327316,2.58650674913573,8.53529606218436,12.874681122449,10.8154506437768,14.371087544405,13.3210823020453,-2.05923047867216,-1.0500052423597,-15.9944192721136,-7.3063728762023,-1.00922523631246,-8.68804639591133,20.1929209183673,22.7233710495513,21.0022410480406,22.5817772290337,2.53045013118396,1.57953618099303,12.5313724617338,7.52079826805147,0.950913950190927,5.01057419368229,48750.7048909191,54728.6370839937,49886.81811,55047.72556,5977.93219307455,5160.90745,12.2622477079056,10.3452327599252,817.024743074551,1.91701494798043,7.92370455128961,5.85749696316929,8.94887935580046,6.16782750349534,-2.06620758812032,-2.78105185230513,-26.0762825613436,-31.0770962679535,0.714844264184804,5.00081370660988,0
"29","2014","2007","Massachusetts","2014","2007","D",58463,63151,50233,53657,4688,3424,8.01874689974856,6.81623633866184,1264,1.20251056108672,11.1584595959596,13.5577934766271,12.4789924406264,14.7740370609619,2.39933388066749,2.29504462033542,21.5023754850201,18.3912654106889,0.104289260332074,3.11111007433119,4.9211356466877,4.41574046260138,14.7399249764298,10.4273677285494,-0.505395184086316,-4.31255724788038,-10.2698893176514,-29.2576607735554,3.80716206379407,18.987771455904,13.1176006314128,12.2048997772829,15.7564752176374,13.3210823020453,-0.912700854129938,-2.43539291559204,-6.95783382781366,-15.4564576274389,1.5226920614621,8.49862379962529,31.3496448303078,32.3533778767632,19.6426165000135,22.5817772290337,1.00373304645536,2.93916072902019,3.20173658071234,14.963183387601,-1.93542768256483,-11.7614468068887,59955.3661616162,71164.0462949046,47975.96768,55047.72556,11208.6801332884,7071.75788,18.6950407459346,14.7402089462138,4136.9222532884,3.95483179972076,4.60924066457502,5.74171998539369,4.62239753402471,6.16782750349534,1.13247932081867,1.54542996947063,24.569758952326,33.4335149258576,-0.412950648651954,-8.86375597353159,1
"30","2014","2001","West Virginia","2014","2003","D",29673,39552,42228,53657,9879,11429,33.2928925285613,27.0649805816046,-1550,6.22791194695669,16.4499717354438,20.6366630076839,11.691499868551,14.7740370609619,4.18669127224011,3.08253719241086,25.4510545037552,26.3656265412326,1.10415407982926,-0.914572037477395,12.9232505643341,6.46221248630887,13.4794137874802,10.4273677285494,-6.46103807802521,-3.05204605893086,-49.9954562194789,-22.6422758960454,-3.40899201909436,-27.3531803234336,21.1878926327813,16.9239250275634,16.5265988885508,13.3210823020453,-4.26396760521787,-3.20551658650547,-20.1245479157318,-19.396105684674,-1.05845101871241,-0.728442231057844,11.0793832095945,16.7034178610805,18.4036120349872,22.5817772290337,5.62403465148597,4.17816519404645,50.7612612100615,22.7029627993859,1.44586945743952,28.0582984106756,24860.1469756925,39531.8880351262,37133.24281,55047.72556,14671.7410594338,17914.48275,59.0171131078965,48.2437874916101,-3242.74169056624,10.7733256162864,5.00131005230322,6.63635983321945,4.73165708878901,6.16782750349534,1.63504978091623,1.43617041470632,32.6924298597175,30.3523773544183,0.198879366209906,2.34005250529919,1
"31","2015","2011","Louisiana","2015","2011","R",40658,45922,50054,56516,5264,6462,12.9470214963845,12.9100571382906,-1198,0.0369643580938313,21.0725411659991,18.5692541856925,14.993062219571,13.5416732086895,-2.50328698030657,-1.45138901088154,-11.8793787639891,-9.68040410708754,-1.05189796942503,-2.19897465690161,20.8166888592987,10.9252823631625,15.7411754801232,9.08400968425806,-9.89140649613624,-6.65716579586512,-47.5167139355969,-42.291414667674,-3.23424070027113,-5.22529926792294,16.2064282480761,15.9973666886109,14.371087544405,13.3489157663015,-0.209061559465123,-1.02217177810358,-1.28999157781692,-7.11269606385173,0.81311021863846,5.82270448603481,18.5830692621096,16.2387535659425,21.0022410480406,22.8429189544799,-2.34431569616705,1.84067790643926,-12.6153309935031,8.76419760266958,-4.18499360260631,-21.3795285961726,50954.0498442368,50955.4468362688,49886.81811,56822.51882,1.39699203199416,6935.70071,0.00274167026225526,13.9028724876917,-6934.303717968,-13.9001308174295,7.82339716488915,6.32388856770138,8.94887935580046,5.27970470311207,-1.49950859718777,-3.66917465268839,-19.1669752357385,-41.0014986995004,2.16966605550062,21.834523463762,0
"32","2016","2013","North Carolina","2016","2013","R",46337,53764,53585,59039,7427,5454,16.0282279819583,10.1782215172156,1973,5.85000646474263,14.6712158808933,13.5540970564837,14.7771152255357,12.6963039835955,-1.11711882440961,-2.0808112419402,-7.61435748392512,-14.0813089035433,0.963692417530593,6.46695141961813,16.4851125635439,10.7965832340087,13.3866207182629,8.75607106738417,-5.6885293295352,-4.63054965087873,-34.5070699857708,-34.590878073967,-1.05797967865647,0.0838080881962711,15.580648503056,13.4518279135528,13.655035420872,12.9611626127426,-2.12882058950323,-0.693872808129381,-13.6632348074964,-5.08144275531343,-1.43494778137385,-8.58179205218302,19.206464311613,22.5409008281155,22.033903752941,23.5705683856643,3.33443651650256,1.53666463272326,17.3610117010783,6.97409160879244,1.7977718837793,10.3869200922859,47096.9396195203,51536.1575178998,53117.66783,57927.51685,4439.21789837949,4809.84902,9.42570352605156,9.05508320770717,-370.631121620507,0.370620318344391,7.98701879845044,5.08119011764599,7.37503941720456,4.86911619667435,-2.90582868080445,-2.50592322053021,-36.3818935967473,-33.9784383346395,-0.399905460274233,-2.40345526210778,0
"33","2016","2011","Vermont","2016","2011","D",51862,60837,50054,59039,8975,8985,17.3055416297096,17.9506133375954,-10,-0.64507170788578,11.5447154471545,9.64630225080386,14.993062219571,12.6963039835955,-1.89841319635061,-2.29675823597554,-16.444001630361,-15.318806807708,0.398345039624923,-1.12519482265299,8.6038961038961,5.45746388443018,15.7411754801232,8.75607106738417,-3.14643221946593,-6.98510441273901,-36.5698537205851,-44.3747318715765,3.83867219327308,7.80487815099141,10.56,10.1639344262295,14.371087544405,12.9611626127426,-0.396065573770493,-1.40992493166247,-3.75062096373573,-9.81084366305583,1.01385935789198,6.06022269932011,25.6,31.9672131147541,21.0022410480406,23.5705683856643,6.3672131147541,2.56832733762366,24.8719262295082,12.2288251608428,3.79888577713044,12.6431010686654,45748.1300813008,50859.6463022508,49886.81811,57927.51685,5111.51622094999,8040.69874,11.173169727082,16.1178825281467,-2929.18251905001,-4.94471280106468,5.48577524098875,3.23744449825846,8.94887935580046,4.86911619667435,-2.2483307427303,-4.07976315912611,-40.9847404233984,-45.5896542675112,1.83143241639582,4.60491384411282,1
"34","2018","2003","South Carolina","2018","2003","R",38479,57444,43318,63179,18965,19861,49.2866238727618,45.8493005217231,-896,3.4373233510387,12.7093596059113,12.748212867355,12.4642859625585,11.7777839535336,0.0388532614437125,-0.686502009024867,0.30570589430518,-5.50775239822845,0.72535527046858,5.81345829253363,13.1397637795276,8.38616169741092,14.5514777299847,8.47505727460358,-4.75360208211664,-6.07642045538116,-36.1772263328128,-41.7580988552118,1.32281837326452,5.58087252239905,19.6897673254941,11.828605914303,16.5265988885508,12.2628080555521,-7.86116141119116,-4.2637908329987,-39.9251107503572,-25.7995662734487,-3.59737057819247,-14.1255444769085,15.1363522641982,23.1542949104808,18.4036120349872,24.886432558888,8.01794264628264,6.48282052390075,52.9714326565152,35.2258051928948,1.53512212238189,17.7456274636204,32102.8078817734,45741.461477363,39496.48588,62886.83648,13638.6535955896,23390.3506,42.4843012044845,59.2213460991583,-9751.69700441041,-16.7370448946739,6.91759714951674,3.42427220280224,5.98866971537779,3.89572728674996,-3.49332494671449,-2.09294242862783,-50.4991093180171,-34.948369639647,-1.40038251808666,-15.5507396783701,0
"35","2018","2003","Texas","2018","2003","R",39271,59785,43318,63179,20514,19861,52.2370196837361,45.8493005217231,653,6.38771916201302,16.97438951757,13.6645962732919,12.4642859625585,11.7777839535336,-3.30979324427806,-0.686502009024867,-19.4987468671679,-5.50775239822845,-2.62329123525319,-13.9909944689395,23.5748924878763,17.2061465710599,14.5514777299847,8.47505727460358,-6.36874591681635,-6.07642045538116,-27.0149521152284,-41.7580988552118,-0.292325461435185,14.7431467399835,21.2364717357982,15.3731183943632,16.5265988885508,12.2628080555521,-5.86335334143504,-4.2637908329987,-27.6098281031835,-25.7995662734487,-1.59956250843634,-1.81026182973482,15.6904640252682,21.5188071598875,18.4036120349872,24.886432558888,5.82834313461931,6.48282052390075,37.1457665320364,35.2258051928948,-0.654477389281443,1.91996133914158,38015.5037339075,62315.2086184511,39496.48588,62886.83648,24299.7048845435,23390.3506,63.920512679856,59.2213460991583,909.354284543522,4.69916658069772,6.68231289575199,3.85524202633145,5.98866971537779,3.89572728674996,-2.82707086942054,-2.09294242862783,-42.3067718247336,-34.948369639647,-0.734128440792714,-7.35840218508656,0
"36","2018","1999","South Dakota","2018","2003","R",35828,59463,40696,63179,23635,22483,65.967958021659,55.246215844309,1152,10.72174217735,7.7574047954866,10.5509964830012,11.8714881538551,11.7777839535336,2.79359168751457,-0.0937042003214525,36.0119364808697,-0.789321432216766,2.88729588783602,36.8012579130864,10.1123595505618,8.68592992798251,13.6204679123134,8.47505727460358,-1.42642962257928,-5.14541063770983,-14.1058040455062,-37.7770475348955,3.71898101513055,23.6712434893893,14.7651006711409,12.8587830080367,16.5265988885508,12.2628080555521,-1.9063176631042,-4.2637908329987,-12.9109696273875,-25.7995662734487,2.3574731698945,12.8885966460611,15.8389261744966,20.2066590126292,18.4036120349872,24.886432558888,4.36773283813251,6.48282052390075,27.5759403763451,35.2258051928948,-2.11508768576823,-7.64986481654974,29690.832157969,60470.2227432591,34513.5615,62886.83648,30779.3905852901,28373.27498,103.666311612721,82.2090614438617,2406.11560529012,21.4572501688594,2.72294111128895,3.01659125188537,4.21904597899087,3.89572728674996,0.293650140596417,-0.323318692240911,10.784300085631,-7.66331284017539,0.616968832837328,18.4476129258064,0
"37","2018","1999","Idaho","2018","2003","R",35800,58728,40696,63179,22928,22483,64.0446927374302,55.246215844309,445,8.79847689312115,14.1129032258065,11.4382785956965,11.8714881538551,11.7777839535336,-2.67462463010996,-0.0937042003214525,-18.9516259504935,-0.789321432216766,-2.58092042978851,-18.1623045182767,18.2769726247987,10.2750062550309,13.6204679123134,8.47505727460358,-8.0019663697678,-5.14541063770983,-43.7816838381128,-37.7770475348955,-2.85655573205797,-6.00463630321726,14.3076923076923,10.9636468551645,16.5265988885508,12.2628080555521,-3.34404545252785,-4.2637908329987,-23.3723606897108,-25.7995662734487,0.919745380470847,2.42720558373788,14.1538461538462,20.0807847663012,18.4036120349872,24.886432558888,5.92693861245506,6.48282052390075,41.8751097619108,35.2258051928948,-0.555881911445688,6.64930456901591,27530.8064516129,43603.7372593432,34513.5615,62886.83648,16072.9308077302,28373.27498,58.3816200080423,82.2090614438617,-12300.3441722697,-23.8274414358194,4.90934526195204,2.8372940170282,4.21904597899087,3.89572728674996,-2.07205124492384,-0.323318692240911,-42.206264468349,-7.66331284017539,-1.74873255268293,-34.5429516281736,0
"38","2018","2009","Arizona","2018","2009","R",45739,62283,49777,63179,16544,13402,36.170445352981,26.9240814030576,3142,9.24636394992341,21.220036877689,12.8297196519818,14.3417154894345,11.7777839535336,-8.39031722570723,-2.56393153590092,-39.5395977587999,-17.8774396813949,-5.82638568980631,-21.662158077405,18.9467219407339,7.77726146434151,16.0986591297489,8.47505727460358,-11.1694604763924,-7.62360185514534,-58.9519417202137,-47.3555082675028,-3.54585862124706,-11.5964334527109,16.7813981948906,15.6361559331715,14.8582175446045,12.2628080555521,-1.14524226171913,-2.59540948905239,-6.82447462612391,-17.4678387987048,1.45016722733326,10.6433641725809,18.4947223497017,23.7755247750964,20.3696394158211,24.886432558888,5.28080242539469,4.51679314306684,28.5530235358189,22.174143836629,0.764009282327848,6.37887969918998,37481.4689612784,47892.8186714542,47099.98047,62886.83648,10411.3497101758,15786.85601,27.7773256990851,33.5177548960032,-5375.50629982421,-5.74042919691816,9.9271764739731,4.83188482900672,9.25445368556266,3.89572728674996,-5.09529164496638,-5.3587263988127,-51.3266955445502,-57.9042975510541,0.263434753846318,6.57760200650398,0
"39","2018","1999","North Dakota","2018","2003","R",32663,66505,40696,63179,33842,22483,103.609588831399,55.246215844309,11359,48.3633729870904,13.0434782608696,9.66442953020134,11.8714881538551,11.7777839535336,-3.37904873066822,-0.0937042003214525,-25.9060402684564,-0.789321432216766,-3.28534453034677,-25.1167188362396,10.1286173633441,5.12318788064236,13.6204679123134,8.47505727460358,-5.00542948270169,-5.14541063770983,-49.4186847339754,-37.7770475348955,0.139981155008142,-11.6416371990799,12.7962085308057,9.15208613728129,16.5265988885508,12.2628080555521,-3.64412239352439,-4.2637908329987,-28.4781416679129,-25.7995662734487,0.619668439474303,-2.6785753944642,17.5355450236967,21.5343203230148,18.4036120349872,24.886432558888,3.99877529931812,6.48282052390075,22.8038267069222,35.2258051928948,-2.48404522458263,-12.4219784859726,27348.9533011272,73441.8791946309,34513.5615,62886.83648,46092.9258935037,28373.27498,168.536343552146,82.2090614438617,17719.6509135037,86.327282108284,3.2819724444755,2.60797083346731,4.21904597899087,3.89572728674996,-0.674001611008192,-0.323318692240911,-20.5364798885722,-7.66331284017539,-0.35068291876728,-12.8731670483968,0
"40","2018","2005","Georgia","2018","2005","R",45926,55821,46326,63179,9895,16853,21.5455297652746,36.379139144325,-6958,-14.8336093790504,14.3998224983359,14.8517701237648,12.6058389678441,11.7777839535336,0.451947625428831,-0.828055014310445,3.13856386411054,-6.5688211345767,1.28000263973928,9.70738499868724,17.8883360972913,13.8898441614624,14.6460246261495,8.47505727460358,-3.99849193582895,-6.17096735154588,-22.3525089984999,-42.1340773968661,2.17247541571694,19.7815683983662,15.5065472088215,13.0028245836174,16.1316912002088,12.2628080555521,-2.50372262520409,-3.8688831446567,-16.1462290185384,-23.983121773411,1.36516051945261,7.83689275487259,17.8497587870434,23.4732638550696,18.8019892432496,24.886432558888,5.62350506802622,6.08444331563841,31.5046558058149,32.3606360844127,-0.460938247612191,-0.855980278597855,42909.3632127801,56430.1736544181,44114.74778,62886.83648,13520.810441638,18772.0887,31.510163351972,42.552864166007,-5251.27825836201,-11.042700814035,5.3461523366809,3.94006565829805,5.08371283150281,3.89572728674996,-1.40608667838284,-1.18798554475285,-26.3009093238035,-23.3684628563425,-0.218101133629991,-2.93244646746099,0
"41","2018","1999","Florida","2018","2003","R",35831,54644,40696,63179,18813,22483,52.5048142669755,55.246215844309,-3670,-2.7414015773335,12.4437877425157,13.6525074584458,11.8714881538551,11.7777839535336,1.20871971593006,-0.0937042003214525,9.71343887360213,-0.789321432216766,1.30242391625151,10.5027603058189,17.3692653192172,14.1418721410495,13.6204679123134,8.47505727460358,-3.22739317816768,-5.14541063770983,-18.5810575108028,-37.7770475348955,1.91801745954215,19.1959900240927,16.7082597845274,10.8850360605626,16.5265988885508,12.2628080555521,-5.82322372396472,-4.2637908329987,-34.8523652317,-25.7995662734487,-1.55943289096602,-9.05279895825129,18.0899628705338,24.4686440273201,18.4036120349872,24.886432558888,6.37868115678624,6.48282052390075,35.2608858428133,35.2258051928948,-0.104139367114506,0.0350806499184699,29443.5693177438,49075.3042572335,34513.5615,62886.83648,19631.7349394897,28373.27498,66.6757984659791,82.2090614438617,-8741.54004051028,-15.5332629778826,3.88785187822272,3.56722232155681,4.21904597899087,3.89572728674996,-0.320629556665909,-0.323318692240911,-8.24695916173845,-7.66331284017539,0.0026891355750025,-0.583646321563051,0
"42","2018","1999","Utah","2018","2003","R",46050,77067,40696,63179,31017,22483,67.3550488599349,55.246215844309,8534,12.1088330156258,5.74293527803099,6.90198550267885,11.8714881538551,11.7777839535336,1.15905022464786,-0.0937042003214525,20.1821920069635,-0.789321432216766,1.25275442496931,20.9715134391803,11.8636363636364,10.0705978040366,13.6204679123134,8.47505727460358,-1.7930385595998,-5.14541063770983,-15.1137349851324,-37.7770475348955,3.35237207811003,22.6633125497631,14.4588744588745,10.2203768763973,16.5265988885508,12.2628080555521,-4.23849758247714,-4.2637908329987,-29.3141599267132,-25.7995662734487,0.0252932505215551,-3.5145936532645,16.1904761904762,21.4627914404344,18.4036120349872,24.886432558888,5.27231524995818,6.48282052390075,32.5643000732711,35.2258051928948,-1.21050527394257,-2.66150511962376,30092.3427529626,55889.1270091396,34513.5615,62886.83648,25796.784256177,28373.27498,85.725410174777,82.2090614438617,-2576.49072382301,3.51634873091528,3.53673767976305,3.11537933105024,4.21904597899087,3.89572728674996,-0.421358348712812,-0.323318692240911,-11.9137574472597,-7.66331284017539,-0.0980396564719004,-4.25044460708434,0
"43","2018","2011","Oklahoma","2018","2011","R",48455,54434,50054,63179,5979,13125,12.3392838716335,26.2216805849682,-7146,-13.8823967133348,13.8719107095403,13.426645930534,14.993062219571,11.7777839535336,-0.445264779006305,-3.21527826603741,-3.20983019808568,-21.4451072032529,2.77001348703111,18.2352770051672,16.8834616405628,15.5583330042212,15.7411754801232,8.47505727460358,-1.32512863634163,-7.2661182055196,-7.8486785740549,-46.1599466615103,5.94098956917797,38.3112680874554,13.7726167971915,13.662486938349,14.371087544405,12.2628080555521,-0.110129858842459,-2.10827948885293,-0.799629151556129,-14.6702849199031,1.99814963001047,13.870655768347,17.7963813124494,19.8275862068966,21.0022410480406,24.886432558888,2.03120489444719,3.88419151084734,11.4135837999058,18.4941764165196,-1.85298661640015,-7.08059261661383,43857.4541589158,51834.0590979782,49886.81811,62886.83648,7976.60493906247,13000.01837,18.1875694611902,26.0590249338714,-5023.41343093753,-7.87145547268122,5.88085967689345,3.39339541509942,8.94887935580046,3.89572728674996,-2.48746426179403,-5.0531520690505,-42.2976299122992,-56.4668699637253,2.56568780725648,14.169240051426,0
"44","2018","2011","Indiana","2018","2011","R",44445,59892,50054,63179,15447,13125,34.7553155585555,26.2216805849682,2322,8.53363497358728,15.5895334174023,11.5618353084169,14.993062219571,11.7777839535336,-4.02769810898538,-3.21527826603741,-25.8359118335725,-21.4451072032529,-0.812419842947964,-4.39080463031964,12.025814575791,7.62699133816832,15.7411754801232,8.47505727460358,-4.39882323762264,-7.2661182055196,-36.5781728123254,-46.1599466615103,2.86729496789696,9.58177384918489,12.6072710251209,11.7404580152672,14.371087544405,12.2628080555521,-0.866813009853747,-2.10827948885293,-6.87550071801072,-14.6702849199031,1.24146647899918,7.79478420189239,16.367608051178,19.9389312977099,21.0022410480406,24.886432558888,3.57132324653189,3.88419151084734,21.8194572802888,18.4941764165196,-0.312868264315444,3.32528086376911,45515.3058007566,55713.5673047706,49886.81811,62886.83648,10198.261504014,13000.01837,22.4062242900375,26.0590249338714,-2801.75686598603,-3.65280064383398,9.11523634102045,3.43414713194171,8.94887935580046,3.89572728674996,-5.68108920907874,-5.0531520690505,-62.3251992217981,-56.4668699637253,-0.627937140028235,-5.85832925807288,0
"45","2018","2015","Arkansas","2018","2015","R",42798,49781,56516,63179,6983,6663,16.3161829992056,11.7895817113738,320,4.5266012878318,16.0962385631989,15.8653846153846,13.5416732086895,11.7777839535336,-0.230853947814301,-1.76388925515587,-1.4342105263158,-13.0256374376544,1.53303530734157,11.5914269113386,9.07551642397562,8.18684660359001,9.08400968425806,8.47505727460358,-0.888669820385612,-0.608952409654487,-9.79194768506982,-6.70356407380056,-0.279717410731125,-3.08838361126927,14.2265193370166,15.6154108421412,13.3489157663015,12.2628080555521,1.38889150512458,-1.08610771074934,9.76269368650674,-8.1362990804928,2.47499921587392,17.8989927669995,16.1947513812155,18.1384248210024,22.8429189544799,24.886432558888,1.94367343978692,2.04351360440807,12.0018726687056,8.94593903905308,-0.0998401646211562,3.05593362965248,40164.656048797,43984.1002747253,56822.51882,62886.83648,3819.44422592825,6064.31766,9.50946578824904,10.6723844453469,-2244.87343407175,-1.16291865709787,5.03840778714223,3.70234170134429,5.27970470311207,3.89572728674996,-1.33606608579795,-1.38397741636211,-26.5176250562235,-26.2131595266368,0.0479113305641663,-0.304465529586743,0
"46","2018","2011","Michigan","2018","2011","R",48879,60449,50054,63179,11570,13125,23.6706970273533,26.2216805849682,-1555,-2.55098355761497,14.9551037258747,10.4509230303642,14.993062219571,11.7777839535336,-4.50418069551053,-3.21527826603741,-30.1180170868196,-21.4451072032529,-1.28890242947312,-8.6729098835667,12.4600638977636,5.08964497306221,15.7411754801232,8.47505727460358,-7.37041892470137,-7.2661182055196,-59.1523364982443,-46.1599466615103,-0.104300719181766,-12.992389836734,12.9365973573697,10.9777015437393,14.371087544405,12.2628080555521,-1.95889581363038,-2.10827948885293,-15.1422801492268,-14.6702849199031,0.149383675222545,-0.471995229323671,18.652053672027,25.0529714458682,21.0022410480406,24.886432558888,6.40091777384119,3.88419151084734,34.3174960054978,18.4941764165196,2.51672626299385,15.8233195889782,41398.018371349,53264.2388782407,49886.81811,62886.83648,11866.2205068917,13000.01837,28.6637403762886,26.0590249338714,-1133.79786310826,2.60471544241719,10.3905647699846,4.14567808001071,8.94887935580046,3.89572728674996,-6.24488668997387,-5.0531520690505,-60.1015135193959,-56.4668699637253,-1.19173462092336,-3.63464355567066,0
"47","2018","2011","California","2018","2011","D",53367,70489,50054,63179,17122,13125,32.0834972923342,26.2216805849682,3997,5.86181670736598,16.8972121728027,11.9131545338442,14.993062219571,11.7777839535336,-4.98405763895854,-3.21527826603741,-29.4963310396299,-21.4451072032529,-1.76877937292112,-8.05122383637704,19.7294999202848,7.48590453297346,15.7411754801232,8.47505727460358,-12.2435953873114,-7.2661182055196,-62.0573021961046,-46.1599466615103,-4.97747718179179,-15.8973555345943,17.8912367263756,14.6254610199669,14.371087544405,12.2628080555521,-3.2657757064087,-2.10827948885293,-18.2534933518275,-14.6702849199031,-1.15749621755577,-3.5832084319244,21.6132146304837,25.8094874729747,21.0022410480406,24.886432558888,4.19627284249094,3.88419151084734,19.415311022602,18.4941764165196,0.312081331643604,0.921134606082369,54534.3902958076,75813.9872286079,49886.81811,62886.83648,21279.5969328003,13000.01837,39.020509475534,26.0590249338714,8279.5785628003,12.9614845416625,11.7130344119771,4.2035317481838,8.94887935580046,3.89572728674996,-7.50950266379332,-5.0531520690505,-64.1123589299328,-56.4668699637253,-2.45635059474282,-7.64548896620757,1
"48","2018","2011","Wisconsin","2018","2011","R",52058,62629,50054,63179,10571,13125,20.3061969341888,26.2216805849682,-2554,-5.91548365077944,13.0902043692741,8.61087144089733,14.993062219571,11.7777839535336,-4.47933292837681,-3.21527826603741,-34.2189686426202,-21.4451072032529,-1.2640546623394,-12.7738614393673,10.3587759409075,5.11508431441568,15.7411754801232,8.47505727460358,-5.24369162649181,-7.2661182055196,-50.620765005488,-46.1599466615103,2.02242657902779,-4.46081834397771,10.553387726144,10.6364728083719,14.371087544405,12.2628080555521,0.0830850822279103,-2.10827948885293,0.787283518657073,-14.6702849199031,2.19136457108084,15.4575684385602,21.4792479602696,19.9176531137416,21.0022410480406,24.886432558888,-1.56159484652796,3.88419151084734,-7.27024916987998,18.4941764165196,-5.4457863573753,-25.7644255863996,46490.7681465821,58148.6626402071,49886.81811,62886.83648,11657.894493625,13000.01837,25.0757192414384,26.0590249338714,-1342.12387637502,-0.983305692433088,7.75265207439933,3.00000574475297,8.94887935580046,3.89572728674996,-4.75264632964636,-5.0531520690505,-61.303490522172,-56.4668699637253,0.30050573940414,-4.83662055844673,0
"49","2018","2011","Alabama","2018","2011","R",42590,49936,50054,63179,7346,13125,17.2481803240197,26.2216805849682,-5779,-8.97350026094851,15.3620146904512,15.9729341808489,14.993062219571,11.7777839535336,0.610919490397677,-3.21527826603741,3.9768188138592,-21.4451072032529,3.82619775643509,25.4219260171121,13.0535152151102,9.40306272895621,15.7411754801232,8.47505727460358,-3.65045248615396,-7.2661182055196,-27.9652831133821,-46.1599466615103,3.61566571936564,18.1946635481283,16.747933008268,13.7372898941689,14.371087544405,12.2628080555521,-3.01064311409905,-2.10827948885293,-17.9762070496269,-14.6702849199031,-0.902363625246126,-3.30592212972377,16.3663345346619,19.775887113509,21.0022410480406,24.886432558888,3.40955257884717,3.88419151084734,20.832719578267,18.4941764165196,-0.474638932000168,2.33854316174733,38058.7198321091,45340.6397375436,49886.81811,62886.83648,7281.91990543444,13000.01837,19.1333810952067,26.0590249338714,-5718.09846456556,-6.92564383866477,9.63635042925177,3.93344299736633,8.94887935580046,3.89572728674996,-5.70290743188544,-5.0531520690505,-59.1811959699378,-56.4668699637253,-0.649755362834934,-2.71432600621257,0
"50","2018","2009","Delaware","2018","2009","D",52114,65012,49777,63179,12898,13402,24.7495874429136,26.9240814030576,-504,-2.17449396014403,12.3442808607022,7.37704918032787,14.3417154894345,11.7777839535336,-4.96723168037428,-2.56393153590092,-40.2391337043164,-17.8774396813949,-2.40330014447336,-22.3616940229216,13.0090497737557,6.37746307119569,16.0986591297489,8.47505727460358,-6.63158670255997,-7.62360185514534,-50.9767186527219,-47.3555082675028,0.99201515258537,-3.62121038521907,13.3256083429896,12.1649484536082,14.8582175446045,12.2628080555521,-1.16065988938132,-2.59540948905239,-8.70999551770506,-17.4678387987048,1.43474959967106,8.75784328099973,20.973348783314,23.6082474226804,20.3696394158211,24.886432558888,2.63489863936639,4.51679314306684,12.5630802528906,22.174143836629,-1.88189450370045,-9.61106358373839,64406.7950169875,76816.9057377049,47099.98047,62886.83648,12410.1107207174,15786.85601,19.2683252092332,33.5177548960032,-3376.74528928262,-14.24942968677,8.27154285714286,3.75737100100525,9.25445368556266,3.89572728674996,-4.5141718561376,-5.3587263988127,-54.5747260710788,-57.9042975510541,0.844554542675101,3.32957147997531,1
"51","2018","2011","Tennessee","2018","2011","R",42279,56060,50054,63179,13781,13125,32.5953783202063,26.2216805849682,656,6.37369773523802,16.2871600253004,12.0030007501875,14.993062219571,11.7777839535336,-4.2841592751129,-3.21527826603741,-26.3039060736058,-21.4451072032529,-1.06888100907549,-4.85879887035291,13.2712640050497,7.23924957992634,15.7411754801232,8.47505727460358,-6.03201442512337,-7.2661182055196,-45.4516949013161,-46.1599466615103,1.23410378039623,0.708251760194273,15.44908285895,10.9586998658118,14.371087544405,12.2628080555521,-4.49038299313819,-2.10827948885293,-29.0656929873142,-14.6702849199031,-2.38210350428526,-14.395408067411,17.5996204933586,23.1698225734307,21.0022410480406,24.886432558888,5.57020208007211,3.88419151084734,31.6495579104906,18.4941764165196,1.68601056922477,13.155381493971,42324.3358633776,54853.983495874,49886.81811,62886.83648,12529.6476324964,13000.01837,29.6038848026863,26.0590249338714,-470.370737503639,3.54485986881487,8.97975782859092,3.49040854923741,8.94887935580046,3.89572728674996,-5.48934927935351,-5.0531520690505,-61.130259681122,-56.4668699637253,-0.436197210303009,-4.66338971739673,0
"52","2018","2013","Rhode Island","2018","2013","D",56323,62266,53585,63179,5943,9594,10.5516396498766,17.9042642530559,-3651,-7.35262460317929,9.30232558139535,8.88030888030888,14.7771152255357,11.7777839535336,-0.422016701086468,-2.99933127200208,-4.53667953667953,-20.2971366618233,2.57731457091561,15.7604571251438,8.68320610687023,3.67569162016343,13.3866207182629,8.47505727460358,-5.0075144867068,-4.91156344365932,-57.6689580447113,-36.6900918986869,-0.0959510430474797,-20.9788661460243,14.7683397683398,12.7029608404967,13.655035420872,12.2628080555521,-2.06537892784311,-1.39222736531984,-13.9851801911468,-10.1957067294882,-0.673151562523271,-3.78947346165862,25.4826254826255,25.7879656160458,22.033903752941,24.886432558888,0.305340133420362,2.85252880594694,1.19822870539203,12.946089072238,-2.54718867252658,-11.747860366846,51559.980620155,58900.4826254826,53117.66783,62886.83648,7340.50200532759,9769.16865,14.236820722268,18.391561695189,-2428.66664467241,-4.154740972921,9.2572442299336,4.07263672461844,7.37503941720456,3.89572728674996,-5.18460750531516,-3.4793121304546,-56.0059492494599,-47.1768614868421,-1.70529537486056,-8.82908776261777,1
"53","2018","2011","Connecticut","2018","2011","D",65415,72812,50054,63179,7397,13125,11.3078040204846,26.2216805849682,-5728,-14.9138765644836,10.1309049516221,10.1963082332259,14.993062219571,11.7777839535336,0.0654032816038175,-3.21527826603741,0.645581830212962,-21.4451072032529,3.28068154764123,22.0906890334658,8.61529712823429,5.03520936146181,15.7411754801232,8.47505727460358,-3.58008776677248,-7.2661182055196,-41.5550121311512,-46.1599466615103,3.68603043874712,4.6049345303591,12.3519458544839,11.1017425519955,14.371087544405,12.2628080555521,-1.25020330248842,-2.10827948885293,-10.1215089283652,-14.6702849199031,0.858076186364505,4.54877599153793,27.2983643542019,32.4901630129286,21.0022410480406,24.886432558888,5.1917986587267,3.88419151084734,19.018716987443,18.4941764165196,1.30760714787936,0.524540570923406,67308.9641434263,80333.8704951655,49886.81811,62886.83648,13024.9063517392,13000.01837,19.3509237848096,26.0590249338714,24.8879817392517,-6.70810114906184,8.81607499575668,4.10651903730203,8.94887935580046,3.89572728674996,-4.70955595845465,-5.0531520690505,-53.4200986348397,-56.4668699637253,0.343596110595849,3.04677132888561,1
"54","2018","2011","Hawaii","2018","2011","D",59047,80108,50054,63179,21061,13125,35.6681965214151,26.2216805849682,7936,9.44651593644691,12.1166791323859,9.18880114860014,14.993062219571,11.7777839535336,-2.9278779837858,-3.21527826603741,-24.1640300266766,-21.4451072032529,0.287400282251616,-2.71892282342372,7.83582089552239,3.32857375423216,15.7411754801232,8.47505727460358,-4.50724714129022,-7.2661182055196,-57.5210587555133,-46.1599466615103,2.75887106422938,-11.361112094003,10.4942965779468,7.61024182076814,14.371087544405,12.2628080555521,-2.88405475717863,-2.10827948885293,-27.4821159832602,-14.6702849199031,-0.775775268325704,-12.811831063357,22.1292775665399,27.7382645803698,21.0022410480406,24.886432558888,5.60898701382992,3.88419151084734,25.346453344283,18.4941764165196,1.72479550298258,6.85227692776334,52716.9783096485,66063.9626704953,49886.81811,62886.83648,13346.9843608469,13000.01837,25.3181892984258,26.0590249338714,346.965990846875,-0.740835635445642,6.80557301519266,2.44661384283092,8.94887935580046,3.89572728674996,-4.35895917236174,-5.0531520690505,-64.0498480088432,-56.4668699637253,0.69419289668876,-7.58297804511789,1
"55","2018","2011","Kansas","2018","2011","R",46147,63938,50054,63179,17791,13125,38.5528853446595,26.2216805849682,4666,12.3312047596912,14.3213395083719,7.47795414462081,14.993062219571,11.7777839535336,-6.84338536375112,-3.21527826603741,-47.7845341195258,-21.4451072032529,-3.6281070977137,-26.3394269162729,13.5039090262971,7.73597555594853,15.7411754801232,8.47505727460358,-5.76793347034855,-7.2661182055196,-42.7130652251601,-46.1599466615103,1.49818473517105,3.44688143635026,11.7328519855596,11.4394993045897,14.371087544405,12.2628080555521,-0.293352680969859,-2.10827948885293,-2.50026746549695,-14.6702849199031,1.81492680788307,12.1700174544062,23.1768953068592,24.6522948539638,21.0022410480406,24.886432558888,1.47539954710463,3.88419151084734,6.36582047582529,18.4941764165196,-2.4087919637427,-12.1283559406944,48206.3769148557,58921.3051146384,49886.81811,62886.83648,10714.9281997827,13000.01837,22.2272008093616,26.0590249338714,-2285.09017021726,-3.8318241245098,6.50565661158604,3.36205151731862,8.94887935580046,3.89572728674996,-3.14360509426743,-5.0531520690505,-48.3211039554243,-56.4668699637253,1.90954697478308,8.14576600830095,0
"56","2018","2013","Oregon","2018","2013","D",48999,69165,53585,63179,20166,9594,41.1559419579991,17.9042642530559,10572,23.2516777049432,14.0085663895188,9.68360498561841,14.7771152255357,11.7777839535336,-4.32496140390036,-2.99933127200208,-30.8736903094974,-20.2971366618233,-1.32563013189828,-10.576553647674,12.8901294087795,6.42560162172709,13.3866207182629,8.47505727460358,-6.4645277870524,-4.91156344365932,-50.150992143255,-36.6900918986869,-1.55296434339308,-13.4609002445681,11.1426360588084,10.4938271604938,13.655035420872,12.2628080555521,-0.648808898314531,-1.39222736531984,-5.82275948788296,-10.1957067294882,0.743418467005309,4.37294724160525,21.7436161980913,26.994301994302,22.033903752941,24.886432558888,5.25068579621069,2.85252880594694,24.1481718053485,12.946089072238,2.39815699026374,11.2020827331105,45195.9435626102,57210.8820709492,53117.66783,62886.83648,12014.938508339,9769.16865,26.5841081328341,18.391561695189,2245.76985833896,8.19254643764508,7.87145248186269,4.15112073274805,7.37503941720456,3.89572728674996,-3.72033174911464,-3.4793121304546,-47.2635991602183,-47.1768614868421,-0.241019618660033,-0.0867376733762129,1
"57","2018","2011","Ohio","2018","2011","R",44648,61633,50054,63179,16985,13125,38.0420175595771,26.2216805849682,3860,11.8203369746089,15.1030152975506,11.919315403423,14.993062219571,11.7777839535336,-3.18369989412764,-3.21527826603741,-21.079895844666,-21.4451072032529,0.031578371909772,0.365211358586908,13.6837455830389,4.94329728249667,15.7411754801232,8.47505727460358,-8.7404483005422,-7.2661182055196,-63.8746770575453,-46.1599466615103,-1.4743300950226,-17.714730396035,13.3210072195809,9.91155046826223,14.371087544405,12.2628080555521,-3.40945675131869,-2.10827948885293,-25.5945867689872,-14.6702849199031,-1.30117726246576,-10.9243018490841,16.0151435111815,22.3118279569892,21.0022410480406,24.886432558888,6.2966844458077,3.88419151084734,39.3170653850928,18.4941764165196,2.41249293496037,20.8228889685732,46457.5470863914,59045.7998602864,49886.81811,62886.83648,12588.252773895,13000.01837,27.0962492929001,26.0590249338714,-411.76559610496,1.03722435902862,8.84057421082917,4.57600621102147,8.94887935580046,3.89572728674996,-4.2645679998077,-5.0531520690505,-48.2385860703919,-56.4668699637253,0.788584069242807,8.22828389333338,0
"58","2018","2011","Wyoming","2018","2011","R",54509,62539,50054,63179,8030,13125,14.7315122273386,26.2216805849682,-5095,-11.4901683576296,10.6761565836299,9.38053097345133,14.993062219571,11.7777839535336,-1.29562561017857,-3.21527826603741,-12.1356932153392,-21.4451072032529,1.91965265585885,9.30941398791364,17.7619893428064,10.9817795860605,15.7411754801232,8.47505727460358,-6.7802097567459,-7.2661182055196,-38.1725809304794,-46.1599466615103,0.485908448773706,7.98736573103095,11.9565217391304,9.6085409252669,14.371087544405,12.2628080555521,-2.34798081386353,-2.10827948885293,-19.6376577159495,-14.6702849199031,-0.239701325010605,-4.96737279604644,15.036231884058,17.4377224199288,21.0022410480406,24.886432558888,2.40149053587085,3.88419151084734,15.9713587445869,18.4941764165196,-1.48270097497648,-2.52281767193275,70054.6263345196,69683.3628318584,49886.81811,62886.83648,-371.263502661168,13000.01837,-0.529962861964802,26.0590249338714,-13371.2818726612,-26.5889877958362,5.80023792839333,4.05906607637426,8.94887935580046,3.89572728674996,-1.74117185201907,-5.0531520690505,-30.0189729027439,-56.4668699637253,3.31198021703143,26.4478970609813,0
"59","2018","2012","Mississippi","2018","2012","R",36641,42781,51017,63179,6140,12162,16.7571845746568,23.8391124527118,-6022,-7.08192787805504,21.9840995506395,19.5584684373922,14.9670528474259,11.7777839535336,-2.42563111324727,-3.18926889389226,-11.0335704569565,-21.3085964645389,0.763637780644991,10.2750260075824,15.3367875647668,12.2962717120819,15.4125792308978,8.47505727460358,-3.04051585268492,-6.93752195629422,-19.8249851205469,-45.0120765146594,3.89700610360931,25.1870913941125,17.5869120654397,15.4862758386987,14.1010986733673,12.2628080555521,-2.10063622674093,-1.83829061781517,-11.9443152892595,-13.0365063063288,-0.262345608925754,1.09219101706934,17.2460804362645,16.7400881057269,21.4411304711052,24.886432558888,-0.505992330537612,3.44530208778279,-2.93395552924378,16.0686587511129,-3.9512944183204,-19.0026142803567,34432.976149326,39360.8140738186,51610.60528,62886.83648,4927.8379244926,11276.2312,14.3113912173086,21.8486707118115,-6348.39327550739,-7.53727949450288,8.98874014838941,4.76036688272749,8.0696886594612,3.89572728674996,-4.22837326566192,-4.17396137271124,-47.0407776380047,-51.7239456049836,-0.0544118929506743,4.68316796697887,0
