Local Area Unemployment Statistics,,,,,,,,,,,,,,,,,,,,,,,,,,,,
Years:,1992 to 2019,,,,,,,,,,,,,,,,,,,,,,,,,,,
,,,,,,,,,,,,,,,,,,,,,,,,,,,,
Series ID,"Annual
1992","Annual
1993","Annual
1994","Annual
1995","Annual
1996","Annual
1997","Annual
1998","Annual
1999","Annual
2000","Annual
2001","Annual
2002","Annual
2003","Annual
2004","Annual
2005","Annual
2006","Annual
2007","Annual
2008","Annual
2009","Annual
2010","Annual
2011","Annual
2012","Annual
2013","Annual
2014","Annual
2015","Annual
2016","Annual
2017","Annual
2018","Annual
2019"
LAUST010000000000003,7.6,7.3,6.2,6.0,5.2,5.0,4.4,4.7,4.6,5.1,5.9,6.0,5.7,4.5,4.0,4.0,5.7,11.0,10.5,9.6,8.0,7.2,6.8,6.1,5.8,4.4,3.9,
LAUST010000000000004,148990,147151,125836,123566,109129,106509,93886,101407,97629,108517,124242,127493,121569,96234,87576,86485,123012,238252,231483,212257,173047,156957,146552,131395,127238,96567,86490,
LAUST010000000000005,1816526,1856754,1900856,1943878,1977334,2027064,2042291,2038889,2035594,2006884,1981919,1992732,2014889,2049791,2080233,2089127,2053477,1924747,1964559,1990413,2003290,2017043,2014290,2026898,2049971,2081676,2112347,
LAUST010000000000006,1965516,2003905,2026692,2067444,2086463,2133573,2136177,2140296,2133223,2115401,2106161,2120225,2136458,2146025,2167809,2175612,2176489,2162999,2196042,2202670,2176337,2174000,2160842,2158293,2177209,2178243,2198837,
LAUST020000000000003,8.9,7.7,7.6,7.3,7.6,7.1,6.3,6.5,6.4,6.4,7.3,7.8,7.5,6.9,6.6,6.3,6.7,7.7,7.9,7.6,7.1,7.0,6.9,6.5,6.9,7.0,6.6,
LAUST020000000000004,25592,22723,22900,22271,23520,22372,20047,20589,20365,20662,23821,25946,25100,23748,23149,22206,23824,27855,28497,27752,26045,25491,25081,23672,24862,25077,23511,
LAUST020000000000005,261624,272709,279471,281889,286252,290845,295823,297354,299146,300731,302580,305723,311643,320811,326542,328579,332285,331792,333416,338161,339474,339801,340302,339724,337369,335682,333375,
LAUST020000000000006,287216,295432,302371,304160,309772,313217,315870,317943,319511,321393,326401,331669,336743,344559,349691,350785,356109,359647,361913,365913,365519,365292,365383,363396,362231,360759,356886,
LAUST040000000000003,7.5,6.4,6.1,5.3,5.6,4.6,4.3,4.4,4.0,4.8,6.1,5.7,5.0,4.7,4.2,3.9,6.2,9.9,10.4,9.5,8.3,7.7,6.8,6.1,5.4,4.9,4.8,
LAUST040000000000004,141279,124774,129346,119231,127239,105658,102704,109929,99302,123786,163415,157146,140841,134854,126056,116899,190960,310533,320251,288547,252529,234728,210504,192075,174579,162822,166205,
LAUST040000000000005,1732327,1824253,1974779,2109900,2157966,2202911,2284323,2363084,2410581,2461498,2516006,2578854,2655428,2748372,2864385,2917117,2913903,2817577,2769454,2748470,2776349,2794697,2889380,2974540,3066011,3165127,3273550,
LAUST040000000000006,1873606,1949027,2104125,2229131,2285205,2308569,2387027,2473013,2509883,2585284,2679421,2736000,2796269,2883226,2990441,3034016,3104863,3128110,3089705,3037017,3028878,3029425,3099884,3166615,3240590,3327949,3439755,
LAUST050000000000003,7.1,6.1,5.4,4.8,5.3,5.2,5.2,4.6,4.3,5.0,5.5,5.9,5.7,5.2,5.2,5.3,5.5,7.8,8.2,8.3,7.6,7.2,6.0,5.0,4.0,3.7,3.7,
LAUST050000000000004,82019,72386,65319,59903,65620,65073,64230,57712,53606,62183,69575,75397,74195,70465,70504,72712,75240,106512,110842,113168,101626,95717,79258,67093,53127,49978,50037,
LAUST050000000000005,1072508,1105538,1153107,1178835,1183048,1177521,1177122,1197320,1204695,1191273,1201422,1196299,1226123,1275448,1294906,1296572,1300017,1252399,1242496,1249514,1241127,1226859,1237248,1264538,1286875,1297652,1301459,
LAUST050000000000006,1154527,1177924,1218426,1238738,1248668,1242594,1241352,1255032,1258301,1253456,1270997,1271696,1300318,1345913,1365410,1369284,1375257,1358911,1353338,1362682,1342753,1322576,1316506,1331631,1340002,1347630,1351496,
LAUST060000000000003,9.3,9.5,8.6,7.9,7.3,6.4,5.9,5.2,4.9,5.4,6.7,6.8,6.2,5.4,4.9,5.4,7.3,11.2,12.2,11.7,10.4,8.9,7.5,6.2,5.5,4.8,4.2,
LAUST060000000000004,1424054,1444167,1311788,1197789,1122173,1005427,960094,861322,834629,930759,1148412,1174778,1079635,947413,864687,961490,1323641,2032568,2244326,2156967,1921121,1666589,1403769,1169230,1041698,919803,815410,
LAUST060000000000005,13880944,13817032,13944739,14048225,14300443,14784636,15184470,15555278,16033179,16197671,16108685,16102840,16303996,16582651,16789422,16931590,16854482,16182572,16091945,16258133,16602672,16958403,17310937,17681849,18002773,18285492,18582802,
LAUST060000000000006,15304998,15261199,15256527,15246014,15422616,15790063,16144564,16416600,16867808,17128430,17257097,17277618,17383631,17530064,17654109,17893080,18178123,18215140,18336271,18415100,18523793,18624992,18714706,18851079,19044471,19205295,19398212,
LAUST080000000000003,6.0,5.3,4.2,4.0,4.2,3.5,3.6,3.1,2.8,3.8,5.5,6.0,5.5,5.0,4.3,3.7,4.8,7.3,8.7,8.4,7.9,6.9,5.0,3.9,3.2,2.7,3.3,
LAUST080000000000004,110530,102463,86525,85341,91414,76756,83736,72085,65107,90935,135307,148022,138802,128818,112514,99459,131382,198539,238013,228814,217281,189597,140124,109376,93335,81333,101606,
LAUST080000000000005,1734715,1828679,1952999,2039647,2063318,2140797,2227846,2272197,2294408,2300113,2307685,2338207,2393559,2435082,2509729,2565218,2585243,2524443,2486404,2507265,2539941,2577556,2662404,2719500,2803436,2911079,2994752,
LAUST080000000000006,1845245,1931142,2039524,2124988,2154732,2217553,2311582,2344282,2359515,2391048,2442992,2486229,2532361,2563900,2622243,2664677,2716625,2722982,2724417,2736079,2757222,2767153,2802528,2828876,2896771,2992412,3096358,
LAUST090000000000003,7.6,6.6,5.6,5.5,5.5,5.0,3.4,2.9,2.4,3.1,4.3,5.4,5.0,4.9,4.3,4.5,5.7,7.9,9.1,8.8,8.3,7.8,6.6,5.7,5.1,4.7,4.1,
LAUST090000000000004,138023,119138,98471,95004,95775,87628,59854,50431,42213,55055,77025,96336,87980,87594,79460,83050,106773,150106,174263,168808,157581,145573,124864,108038,97371,89432,78242,
LAUST090000000000005,1689684,1676578,1657825,1639060,1645952,1664912,1682342,1704134,1721913,1704774,1697127,1687924,1686213,1709382,1749191,1773159,1774681,1740971,1737449,1745967,1729838,1717764,1762564,1780840,1793904,1807506,1827070,
LAUST090000000000006,1827707,1795716,1756296,1734064,1741727,1752540,1742196,1754565,1764126,1759829,1774152,1784260,1774193,1796976,1828651,1856209,1881454,1891077,1911712,1914775,1887419,1863337,1887428,1888878,1891275,1896938,1905312,
LAUST100000000000003,5.4,5.1,4.8,4.3,5.1,4.0,3.7,3.4,3.7,3.5,4.0,4.3,4.0,4.1,3.6,3.4,4.9,8.3,8.4,7.5,7.2,6.7,5.7,4.9,4.5,4.5,3.8,
LAUST100000000000004,19909,19077,18503,16638,19880,15453,14639,13593,15473,14753,16764,17688,16785,17944,15785,15261,22127,36188,36550,33260,32115,29609,25862,22631,21331,21355,18128,
LAUST100000000000005,347253,357777,366324,369200,368254,372144,380250,385190,398027,407033,400019,397472,403599,414465,425399,428312,424914,401312,397869,410086,413457,413119,426325,443100,450911,455489,464337,
LAUST100000000000006,367162,376854,384827,385838,388134,387597,394889,398783,413500,421786,416783,415160,420384,432409,441184,443573,447041,437500,434419,443346,445572,442728,452187,465731,472242,476844,482465,
LAUST110000000000003,8.6,8.5,8.0,8.8,8.4,8.0,8.4,6.4,5.6,6.3,6.4,6.8,7.8,6.4,5.8,5.5,6.5,9.3,9.4,10.2,9.0,8.5,7.8,6.9,6.1,6.1,5.6,
LAUST110000000000004,27273,26931,24756,26317,24215,22639,24590,19481,17383,19704,19603,20968,24344,20132,18297,17811,21352,31172,32557,35607,33005,31775,29437,26798,24129,24297,22470,
LAUST110000000000005,289953,288925,285776,273768,263163,260105,267312,286650,293086,290811,286496,285454,287683,295484,297786,304426,309192,304500,313508,315171,331984,342351,349686,362420,371295,377153,382140,
LAUST110000000000006,317226,315856,310532,300085,287378,282744,291902,306131,310469,310515,306099,306422,312027,315616,316083,322237,330544,335672,346065,350778,364989,374126,379123,389218,395424,401450,404610,
LAUST120000000000003,8.2,7.1,6.4,5.5,5.2,4.8,4.3,3.9,3.7,4.7,5.6,5.2,4.6,3.7,3.2,4.0,6.3,10.4,11.1,10.0,8.5,7.2,6.3,5.5,4.8,4.2,3.6,
LAUST120000000000004,548145,481600,447567,389618,369862,352275,324810,297699,290914,374597,458060,427548,390520,321996,290682,367354,578360,946702,1018407,928904,794324,683663,601050,523915,471133,424223,365097,
LAUST120000000000005,6108967,6274934,6499945,6656533,6800128,7015836,7196659,7359460,7565981,7669117,7656349,7783148,8049908,8398974,8709522,8789770,8637164,8148123,8193659,8371638,8588669,8770084,8966245,9084483,9354560,9669228,9869673,
LAUST120000000000006,6657112,6756534,6947512,7046151,7169990,7368111,7521469,7657159,7856895,8043714,8114409,8210696,8440428,8720970,9000204,9157124,9215524,9094825,9212066,9300542,9382993,9453747,9567295,9608398,9825693,10093451,10234770,
LAUST130000000000003,6.9,6.0,5.2,4.8,4.7,4.6,4.3,3.9,3.6,4.0,5.0,4.8,4.8,5.3,4.7,4.5,6.2,9.9,10.5,10.2,9.2,8.2,7.1,6.0,5.4,4.7,3.9,
LAUST130000000000004,235077,209493,187891,178161,177219,181275,173937,163106,150696,172482,216817,211916,212735,245197,221647,218178,304243,475895,494624,485449,439284,389783,335513,285039,263438,236697,201245,
LAUST130000000000005,3164618,3271285,3406072,3504765,3632917,3779217,3898825,3990393,4071557,4089559,4110874,4182521,4239065,4341223,4489128,4597640,4575010,4311854,4202052,4263305,4348083,4366374,4403433,4490414,4658053,4822263,4906411,
LAUST130000000000006,3399695,3480778,3593963,3682926,3810136,3960492,4072762,4153499,4222253,4262041,4327691,4394437,4451800,4586420,4710775,4815818,4879253,4787749,4696676,4748754,4787367,4756157,4738946,4775453,4921491,5058960,5107656,
LAUST150000000000003,4.3,4.5,5.5,5.9,6.3,6.2,6.1,5.4,4.2,4.5,4.2,4.1,3.4,2.9,2.6,2.8,4.3,7.2,6.9,6.8,6.0,4.9,4.4,3.6,3.0,2.4,2.4,
LAUST150000000000004,25317,26290,32298,34472,37431,37374,36626,32513,25733,27443,25330,24799,20756,17955,16687,17860,27571,45168,44967,44934,38883,31866,28970,24017,20177,16609,16606,
LAUST150000000000005,558936,560114,552917,552009,558167,563580,564957,570394,580214,583187,575594,578323,590156,608957,621573,620535,612120,586522,602282,615319,608302,619691,636495,649950,662784,667009,662128,
LAUST150000000000006,584253,586404,585215,586481,595598,600954,601583,602907,605947,610630,600924,603122,610912,626912,638260,638395,639691,631690,647249,660253,647185,651557,665465,673967,682961,683618,678734,
LAUST160000000000003,6.4,6.0,5.4,5.4,5.3,5.1,5.1,4.9,4.7,5.1,5.6,5.6,4.9,4.0,3.5,3.1,5.1,8.8,9.0,8.3,7.2,6.1,4.8,4.2,3.8,3.2,2.8,
LAUST160000000000004,33754,33143,31796,32486,32654,32590,33153,31970,30980,34385,38042,38670,34621,29379,26031,23203,38500,66409,68230,63712,55552,47197,37684,33704,30905,26879,24317,
LAUST160000000000005,497372,520963,555338,568218,584137,601135,616282,619237,628844,643280,646549,651335,668441,702291,721346,731235,716653,690722,692826,701466,713704,723636,742302,762279,784172,807819,832732,
LAUST160000000000006,531126,554106,587134,600704,616791,633725,649435,651207,659824,677665,684591,690005,703062,731670,747377,754438,755153,757131,761056,765178,769256,770833,779986,795983,815077,834698,857049,
LAUST170000000000003,7.9,7.4,5.8,5.2,5.3,4.8,4.4,4.4,4.3,5.3,6.5,6.8,6.2,5.7,4.5,5.0,6.3,10.2,10.4,9.7,9.0,9.0,7.1,6.0,5.8,4.9,4.3,
LAUST170000000000004,475377,451751,353103,318682,330382,301317,280521,281445,282062,344245,415342,425613,392320,363895,295428,331591,418616,675429,688274,638527,591223,592724,461710,388193,380323,319066,278349,
LAUST170000000000005,5552539,5620733,5755545,5855655,5917463,5999611,6066484,6186543,6211404,6113677,5933897,5874608,5933127,6033913,6230845,6334010,6238611,5943229,5937047,5948366,5990644,5956749,6052151,6122622,6169524,6170546,6191319,
LAUST170000000000006,6027916,6072484,6108648,6174337,6247845,6300928,6347005,6467988,6493466,6457922,6349239,6300221,6325447,6397808,6526273,6665601,6657227,6618658,6625321,6586893,6581867,6549473,6513861,6510815,6549847,6489612,6469668,
LAUST180000000000003,6.6,5.4,4.9,4.6,4.1,3.5,3.1,3.0,3.1,4.2,5.2,5.3,5.4,5.5,5.0,4.6,5.9,10.3,10.4,9.1,8.3,7.7,6.0,4.8,4.4,3.6,3.4,
LAUST180000000000004,187573,158776,149257,144076,126460,109304,96716,95017,97306,133392,164357,168333,169729,175477,162997,146645,190269,329004,329584,290046,264286,244131,192275,157801,146995,118540,116133,
LAUST180000000000005,2669811,2789531,2915071,2991096,2983209,3011304,3026444,3029834,3029073,3007507,3006811,3014655,2998068,3029959,3072113,3061042,3041828,2864985,2845608,2891945,2905549,2944275,3032497,3108719,3181898,3218115,3265580,
LAUST180000000000006,2857384,2948307,3064328,3135172,3109669,3120608,3123160,3124851,3126379,3140899,3171168,3182988,3167797,3205436,3235110,3207687,3232097,3193989,3175192,3181991,3169835,3188406,3224772,3266520,3328893,3336655,3381713,
LAUST190000000000003,4.5,4.0,3.5,3.4,3.5,3.1,2.7,2.6,2.6,3.3,4.0,4.5,4.5,4.3,3.7,3.7,4.2,6.4,6.0,5.5,5.0,4.7,4.2,3.8,3.6,3.1,2.5,
LAUST190000000000004,67476,62924,55535,54651,56637,49989,43822,41324,41817,53723,65349,72309,72027,69595,61054,61345,70598,108163,100834,92199,83262,79299,72114,64257,60820,51962,42560,
LAUST190000000000005,1444325,1496789,1523726,1532400,1551711,1552946,1552120,1555090,1548636,1559241,1572560,1534489,1529761,1560169,1596530,1599332,1608695,1579248,1577447,1570177,1569879,1594891,1629331,1637257,1633320,1626387,1644280,
LAUST190000000000006,1511801,1559713,1579261,1587051,1608348,1602935,1595942,1596414,1590453,1612964,1637909,1606798,1601788,1629764,1657584,1660677,1679293,1687411,1678281,1662376,1653141,1674190,1701445,1701514,1694140,1678349,1686840,
LAUST200000000000003,4.5,5.0,4.9,4.4,4.3,3.8,3.5,3.3,3.6,4.2,5.1,5.5,5.5,5.0,4.4,4.2,4.6,6.9,7.1,6.5,5.7,5.3,4.5,4.2,4.0,3.7,3.4,
LAUST200000000000004,58642,66217,66060,59589,57740,51951,49989,46732,50433,58586,71411,79160,79840,73616,64299,63009,69048,104334,105806,97005,85098,78700,67719,62132,59888,53989,49833,
LAUST200000000000005,1250194,1266875,1282791,1290159,1300384,1329751,1366403,1378867,1356147,1332034,1341603,1357867,1383867,1392024,1402796,1420449,1430628,1413873,1394958,1394082,1400122,1407217,1424439,1428557,1425433,1424724,1432387,
LAUST200000000000006,1308836,1333092,1348851,1349748,1358124,1381702,1416392,1425599,1406580,1390620,1413014,1437027,1463707,1465640,1467095,1483458,1499676,1518207,1500764,1491087,1485220,1485917,1492158,1490689,1485321,1478713,1482220,
LAUST210000000000003,6.9,6.2,5.4,5.4,5.5,5.3,4.6,4.5,4.2,5.2,5.7,6.1,5.4,5.9,5.7,5.4,6.4,10.3,10.2,9.4,8.2,8.0,6.5,5.3,5.1,4.9,4.3,
LAUST210000000000004,122416,112094,98404,100516,102468,102253,88735,88529,81974,101171,110485,120172,106059,117834,115759,109862,130055,213036,209725,193482,167965,164563,129518,104828,103209,100725,89310,
LAUST210000000000005,1656436,1691208,1727832,1755029,1771621,1814492,1844022,1870873,1883714,1857238,1833535,1839873,1857816,1881943,1913472,1922220,1900683,1847126,1844650,1862928,1891162,1890879,1876841,1874866,1910901,1953032,1972312,
LAUST210000000000006,1778852,1803302,1826236,1855545,1874089,1916745,1932757,1959402,1965688,1958409,1944020,1960045,1963875,1999777,2029231,2032082,2030738,2060162,2054375,2056410,2059127,2055442,2006359,1979694,2014110,2053757,2061622,
LAUST220000000000003,8.0,7.6,7.8,7.0,6.6,6.0,5.7,5.1,5.3,5.7,6.1,6.4,5.9,7.2,4.5,4.3,4.9,6.8,8.0,7.8,7.1,6.7,6.4,6.3,6.1,5.1,4.9,
LAUST220000000000004,154485,144738,152459,137058,131504,121318,116770,103588,108019,116484,123076,129350,120640,148018,88532,86396,102454,140884,166224,162196,147143,140877,137093,136511,128447,107694,102704,
LAUST220000000000005,1767337,1753214,1790627,1821954,1857715,1899922,1932134,1935457,1929056,1911818,1881146,1888974,1916536,1921385,1899981,1944038,1982381,1923884,1919852,1911021,1933137,1960539,2014189,2022145,1992625,1995944,2000791,
LAUST220000000000006,1921822,1897952,1943086,1959012,1989219,2021240,2048904,2039045,2037075,2028302,2004222,2018324,2037176,2069403,1988513,2030434,2084835,2064768,2086076,2073217,2080280,2101416,2151282,2158656,2121072,2103638,2103495,
LAUST230000000000003,7.3,7.3,7.0,6.0,5.2,5.1,4.5,4.0,3.4,3.8,4.3,5.0,4.6,4.9,4.6,4.7,5.5,8.1,8.1,7.9,7.5,6.6,5.6,4.4,3.8,3.4,3.4,
LAUST230000000000004,47134,45634,43430,38000,34157,33179,29417,26412,22815,25774,29297,33964,31839,34021,31987,32687,38488,56265,56552,55196,52519,46895,39125,29967,26168,23669,23524,
LAUST230000000000005,597355,583220,578254,599534,622580,623530,623793,642085,655349,648545,645935,649571,654161,663132,669554,667781,663158,639954,638630,644085,650117,658522,657188,653242,665062,674750,675221,
LAUST230000000000006,644489,628854,621684,637534,656737,656709,653210,668497,678164,674319,675232,683535,686000,697153,701541,700468,701646,696219,695182,699281,702636,705417,696313,683209,691230,698419,698745,
LAUST240000000000003,6.8,6.2,5.3,5.0,5.0,5.0,4.4,3.6,3.6,4.0,4.4,4.4,4.3,4.1,3.9,3.5,4.2,7.0,7.7,7.2,7.0,6.6,5.8,5.1,4.5,4.3,3.9,
LAUST240000000000004,180141,164293,141349,136232,138268,137413,121970,98778,100401,113801,127453,127696,122849,121059,114512,102746,126966,212455,235334,224477,217340,205854,181486,159745,140920,135814,125485,
LAUST240000000000005,2471212,2494151,2540242,2574394,2602334,2629577,2642210,2667341,2703284,2724184,2742501,2754523,2766475,2803487,2849354,2867348,2874987,2820245,2838492,2872084,2902307,2923498,2941562,2980007,3019150,3057673,3071652,
LAUST240000000000006,2651353,2658444,2681591,2710626,2740602,2766990,2764180,2766119,2803685,2837985,2869954,2882219,2889324,2924546,2963866,2970094,3001953,3032700,3073826,3096561,3119647,3129352,3123048,3139752,3160070,3193487,3197137,
LAUST250000000000003,8.5,7.0,6.0,5.3,4.4,3.9,3.3,3.2,2.7,3.7,5.3,5.7,5.1,4.8,4.9,4.6,5.5,8.1,8.3,7.3,6.7,6.7,5.7,4.8,3.9,3.8,3.3,
LAUST250000000000004,269002,221718,193475,169956,143803,129526,110186,106853,89932,126153,180997,195428,174673,164027,167023,157913,191060,281372,289265,251554,232630,236035,204883,172558,140249,138956,127048,
LAUST250000000000005,2912028,2952583,3007359,3044696,3097563,3176134,3230442,3247012,3240245,3255134,3250085,3226981,3220838,3220089,3246316,3268096,3261408,3189010,3190818,3217754,3252531,3276792,3363438,3417789,3479435,3557038,3678402,
LAUST250000000000006,3181030,3174301,3200834,3214652,3241366,3305660,3340628,3353865,3330177,3381287,3431082,3422409,3395511,3384116,3413339,3426009,3452468,3470382,3480083,3469308,3485161,3512827,3568321,3590347,3619684,3695994,3805450,
LAUST260000000000003,9.0,7.2,6.0,5.3,4.9,4.3,3.9,3.7,3.6,5.2,6.3,7.2,7.0,6.8,7.0,7.0,8.0,13.7,12.6,10.4,9.1,8.8,7.2,5.4,5.0,4.6,4.1,
LAUST260000000000004,420012,342262,288360,253579,238793,211395,195438,189758,186452,265326,314742,360756,356785,344228,355571,352181,392177,669741,604913,486815,426037,415915,344367,258302,241394,225377,203224,
LAUST260000000000005,4258246,4400201,4519538,4558922,4638837,4743163,4824324,4925999,4976322,4854630,4702399,4667103,4705591,4738902,4721085,4658939,4529289,4233803,4194041,4198349,4246658,4308030,4417024,4501006,4606692,4660709,4698845,
LAUST260000000000006,4678258,4742463,4807898,4812501,4877630,4954558,5019762,5115757,5162774,5119956,5017141,5027859,5062376,5083130,5076656,5011120,4921466,4903544,4798954,4685164,4672695,4723945,4761391,4759308,4848086,4886086,4902069,
LAUST270000000000003,5.1,5.0,4.1,3.7,4.0,3.3,2.7,2.8,3.2,3.8,4.5,4.9,4.7,4.1,4.0,4.6,5.4,7.8,7.4,6.5,5.6,5.0,4.2,3.7,3.9,3.4,2.9,
LAUST270000000000004,126132,124840,104383,97326,104831,87259,73063,76116,88829,107242,128522,140376,134813,117027,115717,132686,158746,228550,217601,191015,165215,146834,124013,110616,117053,104055,89339,
LAUST270000000000005,2342262,2391535,2452054,2506965,2547696,2591975,2638721,2680029,2724118,2737961,2731080,2734287,2745615,2762733,2772115,2773704,2766342,2713426,2721194,2755264,2781141,2811762,2848788,2887132,2916354,2952960,2980885,
LAUST270000000000006,2468394,2516375,2556437,2604291,2652527,2679234,2711784,2756145,2812947,2845203,2859602,2874663,2880428,2879760,2887832,2906390,2925088,2941976,2938795,2946279,2946356,2958596,2972801,2997748,3033407,3057015,3070224,
LAUST280000000000003,8.1,6.6,6.3,6.2,6.0,5.7,5.3,5.1,5.4,5.5,6.6,6.3,6.2,7.5,6.5,6.1,6.6,9.5,10.4,10.0,9.0,8.5,7.5,6.4,5.8,5.1,4.8,
LAUST280000000000004,95949,80398,78366,78330,76301,72594,67045,65800,71026,71634,85045,82105,80915,98567,84265,79455,85781,120289,135729,134061,118340,108725,93830,80971,74248,65268,60729,
LAUST280000000000005,1094539,1134735,1170396,1180514,1188212,1200208,1207745,1220702,1248240,1222500,1201191,1219145,1232187,1218825,1205906,1224059,1220991,1148930,1170879,1208747,1198196,1163752,1156341,1184274,1205192,1215298,1214992,
LAUST280000000000006,1190488,1215133,1248762,1258844,1264513,1272802,1274790,1286502,1319266,1294134,1286236,1301250,1313102,1317392,1290171,1303514,1306772,1269219,1306608,1342808,1316536,1272477,1250171,1265245,1279440,1280566,1275721,
LAUST290000000000003,6.2,6.2,5.1,4.7,4.8,4.3,4.2,3.3,3.6,4.6,5.4,5.6,5.9,5.4,4.8,5.1,6.1,9.3,9.6,8.5,6.9,6.7,6.1,5.0,4.6,3.8,3.2,
LAUST290000000000004,163944,167139,140045,135009,139189,127326,121639,95646,106055,138627,161441,169834,176778,162328,146932,154932,186012,282852,292949,258562,210034,202767,186937,154466,140536,115101,97578,
LAUST290000000000005,2487204,2517067,2630692,2728231,2769622,2800544,2794971,2809325,2853891,2862838,2839467,2850987,2838872,2847006,2882757,2879647,2842845,2766711,2763535,2789224,2815275,2817435,2859966,2920761,2940314,2946340,2954808,
LAUST290000000000006,2651148,2684206,2770737,2863240,2908811,2927870,2916610,2904971,2959946,3001465,3000908,3020821,3015650,3009334,3029689,3034579,3028857,3049563,3056484,3047786,3025309,3020202,3046903,3075227,3080850,3061441,3052386,
LAUST300000000000003,6.7,6.0,5.2,5.7,5.3,5.3,5.5,5.3,5.0,4.5,4.4,4.7,4.8,4.4,3.5,3.6,5.1,6.8,7.3,6.9,6.0,5.4,4.7,4.2,4.1,3.9,3.7,
LAUST300000000000004,28076,25544,22651,25091,23838,24153,25526,24380,23156,21154,20563,22223,22858,21147,17237,17881,25816,34301,36527,34822,30311,27710,23909,21582,21637,20661,19656,
LAUST300000000000005,389391,397102,409630,418081,425468,428555,434868,439993,444137,444909,446640,449266,457423,464907,476377,484189,483347,466713,463998,466403,476174,483071,488336,495975,500511,504253,508588,
LAUST300000000000006,417467,422646,432281,443172,449306,452708,460394,464373,467293,466063,467203,471489,480281,486054,493614,502070,509163,501014,500525,501225,506485,510781,512245,517557,522148,524914,528244,
LAUST310000000000003,2.9,2.8,2.6,2.6,2.7,2.5,2.6,2.8,2.8,3.1,3.6,3.9,3.9,3.8,3.1,3.0,3.3,4.6,4.6,4.4,4.0,3.8,3.3,3.0,3.1,2.9,2.8,
LAUST310000000000004,24225,23819,23455,23897,24941,23002,23750,26115,26603,29761,34823,37943,37466,37086,30178,29269,32998,45935,46038,44197,40552,38357,33201,30261,30910,29184,28509,
LAUST310000000000005,823384,840575,862936,878414,889438,898310,907202,911444,918370,921003,919401,926315,932515,935906,939874,949494,956759,945648,947360,959059,974428,979937,977617,976997,978533,982442,991688,
LAUST310000000000006,847609,864394,886391,902311,914379,921312,930952,937559,944973,950764,954224,964258,969981,972992,970052,978763,989757,991583,993398,1003256,1014980,1018294,1010818,1007258,1009443,1011626,1020197,
LAUST320000000000003,6.7,6.8,6.2,5.6,5.0,4.4,4.2,4.0,4.2,5.2,5.6,5.1,4.3,4.1,4.0,4.5,6.7,11.3,13.5,13.0,11.2,9.6,7.9,6.8,5.7,5.1,4.6,
LAUST320000000000004,48678,52651,50186,46923,44932,41284,41350,40654,44560,57817,63547,58249,50691,50122,52031,59824,91387,152541,183804,178851,153671,133035,109961,95171,81672,73739,68418,
LAUST320000000000005,683228,716242,761851,797192,846416,898496,937387,979646,1022462,1054262,1066121,1088787,1126943,1173709,1233287,1270572,1272187,1196758,1174774,1194264,1222710,1248122,1278808,1312101,1342473,1384605,1431959,
LAUST320000000000006,731906,768893,812037,844115,891348,939780,978737,1020300,1067022,1112079,1129668,1147036,1177634,1223831,1285318,1330396,1363574,1349299,1358578,1373115,1376381,1381157,1388769,1407272,1424145,1458344,1500377,
LAUST330000000000003,7.3,6.1,4.7,4.0,3.8,3.3,2.8,2.7,2.7,3.4,4.5,4.3,3.8,3.6,3.4,3.5,3.9,6.2,5.8,5.4,5.5,5.1,4.3,3.4,2.9,2.7,2.5,
LAUST330000000000004,44719,37895,29592,25044,24332,21578,18608,18233,18287,23982,31400,30494,27036,25823,25077,25934,28677,46425,43122,39770,40726,37751,31769,25099,21423,20480,19240,
LAUST330000000000005,569430,579593,595329,606153,613822,627666,643056,656962,669621,673778,670880,677030,689150,700026,706777,712008,714104,697802,695135,696532,700371,703534,711551,720362,729892,733985,742512,
LAUST330000000000006,614149,617488,624921,631197,638154,649244,661664,675195,687908,697760,702280,707524,716186,725849,731854,737942,742781,744227,738257,736302,741097,741285,743320,745461,751315,754465,761752,
LAUST340000000000003,8.4,7.6,6.8,6.4,6.1,5.3,4.6,4.5,3.7,4.3,5.8,5.8,4.8,4.5,4.7,4.3,5.3,9.1,9.5,9.3,9.3,8.2,6.8,5.8,5.0,4.6,4.1,
LAUST340000000000004,339998,305542,276723,264089,258562,223994,194886,193327,158352,182601,251063,253468,210341,196684,209394,189982,240467,412075,433875,426808,428047,374732,303497,259843,222627,205990,183375,
LAUST340000000000005,3723909,3713835,3782009,3857473,3946654,4039773,4051531,4094559,4123717,4106225,4095174,4093686,4138830,4194895,4236485,4251815,4263965,4138570,4121455,4138464,4159986,4173828,4183541,4229158,4252062,4247535,4239567,
LAUST340000000000006,4063907,4019377,4058732,4121562,4205216,4263767,4246417,4287886,4282069,4288826,4346237,4347154,4349171,4391579,4445879,4441797,4504432,4550645,4555330,4565272,4588033,4548560,4487038,4489001,4474689,4453525,4422942,
LAUST350000000000003,7.2,7.0,6.5,6.6,7.2,6.3,6.1,5.6,4.9,4.9,5.5,5.9,5.5,5.1,4.2,3.8,4.5,7.5,8.1,7.5,7.1,6.9,6.7,6.5,6.6,5.9,4.9,
LAUST350000000000004,53285,52863,50631,52546,58616,52032,50723,46560,41652,42307,48410,52063,49653,46908,38646,35029,42137,70861,75934,70051,66178,64095,62194,60801,61924,54985,46536,
LAUST350000000000005,688598,705726,730712,746645,754003,771069,783831,789677,804103,815642,826086,837667,852612,871248,889448,898998,902411,869491,860154,860305,861617,859804,869558,873422,874424,881252,893823,
LAUST350000000000006,741883,758589,781343,799191,812619,823101,834554,836237,845755,857949,874496,889730,902265,918156,928094,934027,944548,940352,936088,930356,927795,923899,931752,934223,936348,936237,940359,
LAUST360000000000003,8.6,7.9,6.9,6.3,6.2,6.4,5.6,5.2,4.5,4.8,6.1,6.4,5.8,5.0,4.5,4.6,5.4,8.3,8.6,8.3,8.5,7.7,6.3,5.3,4.9,4.7,4.1,
LAUST360000000000004,753632,689074,602579,548432,548587,579640,509640,471981,415120,441848,570163,590492,543335,474007,430620,433849,525693,802999,825639,789304,818847,745382,603720,504408,463523,447799,393648,
LAUST360000000000005,7997602,8026518,8075912,8112684,8237123,8432577,8562174,8654586,8718749,8709897,8705352,8672909,8812618,8986859,9077529,9088207,9139080,8844486,8769723,8728057,8793385,8913788,8925698,9057470,9093571,9113601,9181058,
LAUST360000000000006,8751234,8715592,8678491,8661116,8785710,9012217,9071814,9126567,9133869,9151745,9275515,9263401,9355953,9460866,9508149,9522056,9664773,9647485,9595362,9517361,9612232,9659170,9529418,9561878,9557094,9561400,9574706,
LAUST370000000000003,6.0,5.0,4.4,4.3,4.3,3.7,3.5,3.2,3.7,5.5,6.6,6.4,5.5,5.2,4.7,4.7,6.1,10.6,10.9,10.3,9.3,8.0,6.3,5.7,5.1,4.5,3.9,
LAUST370000000000004,217849,182243,161440,161918,167732,149383,138084,129827,152039,231540,278143,271035,233317,226389,210872,212552,278346,483684,501062,475529,434382,374826,296467,273550,246959,220846,194514,
LAUST370000000000005,3386088,3446119,3524897,3601621,3733519,3834296,3851970,3927179,3986151,3966798,3906570,3984596,4019809,4091039,4234095,4300304,4281713,4087105,4115629,4157543,4245675,4318114,4400314,4497319,4613300,4717226,4787320,
LAUST370000000000006,3603937,3628362,3686337,3763539,3901251,3983679,3990054,4057006,4138190,4198338,4184713,4255631,4253126,4317428,4444967,4512856,4560059,4570789,4616691,4633072,4680057,4692940,4696781,4770869,4860259,4938072,4981834,
LAUST380000000000003,4.7,4.3,3.7,3.2,2.9,2.7,2.9,3.3,3.0,2.9,3.7,3.7,3.4,3.4,3.2,3.1,3.2,4.1,3.8,3.5,3.1,2.9,2.7,2.8,3.1,2.7,2.6,
LAUST380000000000004,14985,13866,12493,10951,10125,9568,10091,11272,10161,9996,12674,12824,12063,12037,11638,11468,11692,15210,14289,13481,12193,11801,11023,11531,12769,10947,10544,
LAUST380000000000005,300939,310061,324314,329348,337412,341823,339414,332180,332407,331820,327957,331852,340403,343508,349821,355766,359333,353455,364053,375153,385674,394392,402521,401537,399996,399449,393755,
LAUST380000000000006,315924,323927,336807,340299,347537,351391,349505,343452,342568,341816,340631,344676,352466,355545,361459,367234,371025,368665,378342,388634,397867,406193,413544,413068,412765,410396,404299,
LAUST390000000000003,7.4,6.6,5.6,4.8,5.0,4.6,4.3,4.3,4.0,4.3,5.7,6.2,6.3,5.9,5.4,5.6,6.4,10.3,10.3,8.8,7.4,7.5,5.8,4.9,5.0,5.0,4.6,
LAUST390000000000004,406156,364692,309553,268751,282437,264126,246193,246553,230586,249702,336340,366514,368035,348964,321047,332574,384323,609670,599836,510231,421590,426121,331318,279781,288391,287038,263346,
LAUST390000000000005,5097104,5136613,5239265,5320351,5362986,5431051,5460917,5508439,5556757,5567130,5516645,5505858,5502444,5541082,5624435,5657718,5580843,5297098,5247050,5261238,5284001,5290609,5373053,5416912,5450622,5483140,5491585,
LAUST390000000000006,5503260,5501305,5548818,5589102,5645423,5695177,5707110,5754992,5787343,5816832,5852985,5872372,5870479,5890046,5945482,5990292,5965166,5906768,5846886,5771469,5705591,5716730,5704371,5696693,5739013,5770178,5754931,
LAUST400000000000003,6.0,5.9,5.6,4.6,4.1,4.1,4.3,3.5,3.0,3.7,4.7,5.5,4.9,4.5,4.0,4.1,3.7,6.4,6.8,5.9,5.2,5.3,4.5,4.4,4.8,4.2,3.4,
LAUST400000000000004,91289,90985,86330,71266,64532,65779,69649,58311,50429,61363,78462,92051,82187,76183,68696,70769,65385,112409,120146,104248,94605,95212,80632,80813,88189,77861,62502,
LAUST400000000000005,1425792,1442202,1462579,1484470,1516423,1544175,1567803,1597894,1610099,1614572,1608106,1593521,1607421,1627110,1647098,1655490,1681081,1652023,1648138,1668418,1709258,1706861,1717628,1751853,1743816,1758416,1779370,
LAUST400000000000006,1517081,1533187,1548909,1555736,1580955,1609954,1637452,1656205,1660528,1675935,1686568,1685572,1689608,1703293,1715794,1726259,1746466,1764432,1768284,1772666,1803863,1802073,1798260,1832666,1832005,1836277,1841872,
LAUST410000000000003,7.4,7.0,5.4,4.9,5.7,5.7,5.7,5.5,5.1,6.4,7.5,8.1,7.3,6.2,5.3,5.2,6.5,11.3,10.6,9.5,8.8,7.9,6.8,5.6,4.8,4.1,4.2,
LAUST410000000000004,115073,112454,89473,82026,98023,99039,102236,98818,92815,117012,138088,149638,134409,113916,100341,98994,127769,222956,210963,189569,172649,150400,131345,110725,98426,86076,87361,
LAUST410000000000005,1439531,1487375,1557373,1590664,1621602,1651241,1677740,1694881,1725744,1706904,1697237,1695906,1703703,1731845,1785044,1822772,1827352,1753682,1773076,1804320,1780790,1760302,1805524,1867909,1949928,2004580,2017155,
LAUST410000000000006,1554604,1599829,1646846,1672690,1719625,1750280,1779976,1793699,1818559,1823916,1835325,1845544,1838112,1845761,1885385,1921766,1955121,1976638,1984039,1993889,1953439,1910702,1936869,1978634,2048354,2090656,2104516,
LAUST420000000000003,7.6,7.0,6.3,5.9,5.4,5.1,4.6,4.4,4.1,4.8,5.6,5.7,5.4,5.0,4.6,4.4,5.3,8.0,8.5,7.9,7.8,7.4,5.9,5.3,5.4,4.9,4.3,
LAUST420000000000004,448987,412752,369506,345982,325751,309930,279933,266616,252341,296929,350036,348648,336781,310832,287870,278934,341890,514912,540062,506761,505625,474600,374432,339899,347046,314072,275786,
LAUST420000000000005,5462170,5491547,5523612,5562508,5653830,5746071,5783197,5810162,5854551,5881688,5868607,5821711,5876997,5940570,6006634,6064063,6109645,5885351,5840887,5888745,5957314,5967811,6017923,6075917,6103007,6110554,6148635,
LAUST420000000000006,5911157,5904299,5893118,5908490,5979581,6056001,6063130,6076778,6106892,6178617,6218643,6170359,6213778,6251402,6294504,6342997,6451535,6400263,6380949,6395506,6462939,6442411,6392355,6415816,6450053,6424626,6424421,
LAUST440000000000003,8.9,7.7,6.9,6.3,5.4,5.1,4.6,4.2,4.1,4.6,5.0,5.3,5.2,5.0,4.9,5.2,7.8,11.0,11.2,11.0,10.4,9.3,7.7,6.0,5.2,4.4,4.1,
LAUST440000000000004,46751,40470,35458,32338,28087,27174,24545,22336,22248,24818,27424,29916,28795,28541,28244,29772,44387,62329,63488,61808,58053,51556,42826,33209,28716,24435,22636,
LAUST440000000000005,479904,481774,478567,479080,488009,500704,508064,515760,521313,519044,522832,530567,529893,537194,544357,543401,525941,504951,503216,498248,500434,505370,513753,521373,524702,529252,533171,
LAUST440000000000006,526655,522244,514025,511418,516096,527878,532609,538096,543561,543862,550256,560483,558688,565735,572601,573173,570328,567280,566704,560056,558487,556926,556579,554582,553418,553687,555807,
LAUST450000000000003,6.7,7.3,6.2,5.2,5.8,4.6,3.8,4.3,3.8,5.2,5.8,6.9,6.8,6.7,6.4,5.7,6.8,11.2,11.2,10.6,9.2,7.6,6.5,6.0,5.0,4.3,3.4,
LAUST450000000000004,120368,133059,114854,96660,109672,87488,73392,84490,74979,101746,113312,138212,139169,139366,135760,120205,145823,242075,240623,229623,201260,167326,143753,135450,114978,98617,79553,
LAUST450000000000005,1668893,1696624,1728300,1760567,1783783,1824147,1867808,1897056,1918583,1847939,1835823,1859765,1894141,1929233,1973337,2005686,1996409,1910670,1915045,1945900,1985618,2023642,2078592,2132099,2175584,2207404,2243656,
LAUST450000000000006,1789261,1829683,1843154,1857227,1893455,1911635,1941200,1981546,1993562,1949685,1949135,1997977,2033310,2068599,2109097,2125891,2142232,2152745,2155668,2175523,2186878,2190968,2222345,2267549,2290562,2306021,2323209,
LAUST460000000000003,3.3,3.4,3.3,3.0,3.2,2.9,2.8,2.7,2.5,3.1,3.2,3.5,3.7,3.8,3.1,2.8,3.1,4.9,5.0,4.7,4.3,3.8,3.4,3.1,3.0,3.2,3.0,
LAUST460000000000004,11854,12268,12345,11796,12330,11533,11151,11058,10040,12747,13278,14947,15902,16397,13524,12488,13693,22017,21984,20880,18941,16795,15333,13941,13481,14549,13860,
LAUST460000000000005,344908,353208,365796,375564,378883,382116,388291,395047,398618,400031,404239,408088,411762,414209,421483,430011,432925,423993,419355,420054,423501,426284,431382,435917,439293,441554,445599,
LAUST460000000000006,356762,365476,378141,387360,391213,393649,399442,406105,408658,412778,417517,423035,427664,430606,435007,442499,446618,446010,441339,440934,442442,443079,446715,449858,452774,456103,459459,
LAUST470000000000003,6.5,5.8,4.8,5.2,5.2,5.3,4.3,4.0,3.9,4.6,5.2,5.6,5.3,5.6,5.2,4.7,6.6,10.5,9.7,9.0,7.8,7.8,6.6,5.6,4.7,3.8,3.5,
LAUST470000000000004,159815,146402,128809,140712,143245,146884,120873,113256,109788,130355,150505,164047,153628,161411,157574,143317,201039,319565,298732,280645,242726,238952,199135,172095,147272,119913,113261,
LAUST470000000000005,2297364,2380485,2531129,2591472,2623757,2639198,2691517,2739189,2733281,2730988,2756086,2748140,2725108,2743383,2878455,2920352,2853746,2733113,2792063,2844662,2857945,2828479,2825051,2889411,2981610,3070253,3131660,
LAUST470000000000006,2457179,2526887,2659938,2732184,2767002,2786082,2812390,2852445,2843069,2861343,2906591,2912187,2878736,2904794,3036029,3063669,3054785,3052678,3090795,3125307,3100671,3067431,3024186,3061506,3128882,3190166,3244921,
LAUST480000000000003,7.6,7.2,6.5,6.1,5.7,5.3,4.9,4.7,4.3,5.0,6.4,6.7,5.9,5.4,4.9,4.3,4.8,7.6,8.1,7.8,6.7,6.3,5.1,4.4,4.6,4.3,3.9,
LAUST480000000000004,688036,657374,609858,580097,553712,526713,492825,478006,444666,521686,682940,729352,653875,600983,553505,490218,560275,901896,997338,969403,851780,804949,665280,582145,616174,586380,533877,
LAUST480000000000005,8317300,8530187,8793183,8997538,9165916,9395537,9603021,9767851,9929387,10011046,10065870,10185312,10338484,10523257,10774490,10941413,11104115,11008903,11244632,11535095,11818675,12052646,12374172,12513692,12731137,13002828,13314203,
LAUST480000000000006,9005336,9187561,9403041,9577635,9719628,9922250,10095846,10245857,10374053,10532732,10748810,10914664,10992359,11124240,11327995,11431631,11664390,11910799,12241970,12504498,12670455,12857595,13039452,13095837,13347311,13589208,13848080,
LAUST490000000000003,4.8,4.1,3.8,3.5,3.4,3.2,3.6,3.5,3.3,4.4,5.8,5.6,5.0,4.1,3.0,2.6,3.6,7.3,7.8,6.7,5.4,4.6,3.8,3.6,3.4,3.3,3.1,
LAUST490000000000004,43083,38186,37509,35409,34988,34067,40167,39644,38237,51470,68684,67682,61365,51828,39122,35069,49112,99841,106283,91107,74164,64438,54429,52841,51840,50450,48978,
LAUST490000000000005,845770,902780,953282,977294,1003979,1036156,1060663,1081276,1103807,1112607,1116067,1132554,1169795,1220617,1279328,1324060,1322089,1266009,1249814,1259337,1298807,1341192,1372636,1407815,1454399,1497812,1523158,
LAUST490000000000006,888853,940966,990791,1012703,1038967,1070223,1100830,1120920,1142044,1164077,1184751,1200236,1231160,1272445,1318450,1359129,1371201,1365850,1356097,1350444,1372971,1405630,1427065,1460656,1506239,1548262,1572136,
LAUST500000000000003,6.1,5.2,4.6,4.3,4.3,3.9,3.4,3.0,2.8,3.3,4.0,4.3,3.7,3.5,3.7,4.0,4.7,6.6,6.1,5.5,5.0,4.4,3.9,3.6,3.2,3.0,2.7,
LAUST500000000000004,18768,16121,14430,13709,13913,12825,11334,9967,9275,11176,13712,14849,12774,12213,13142,14192,16626,23732,21914,19645,17573,15483,13675,12273,11163,10280,9223,
LAUST500000000000005,288803,296457,301185,306140,310043,315053,322398,326979,322129,325889,329427,331122,334899,338553,343865,339547,338273,336104,337488,338463,337284,334964,333383,332354,333646,335855,336838,
LAUST500000000000006,307571,312578,315615,319849,323956,327878,333732,336946,331404,337065,343139,345971,347673,350766,357007,353739,354899,359836,359402,358108,354857,350447,347058,344627,344809,346135,346061,
LAUST510000000000003,6.3,5.2,4.9,4.5,4.4,3.8,2.9,2.7,2.3,3.2,4.2,4.1,3.8,3.6,3.1,3.0,3.9,6.7,7.1,6.6,6.1,5.7,5.2,4.5,4.1,3.7,3.0,
LAUST510000000000004,213476,177073,166665,155955,152127,131979,101345,97061,82946,118762,156898,154439,144977,139450,123008,122748,163015,275655,297272,277476,255857,242095,221709,187735,173624,159456,128579,
LAUST510000000000005,3186823,3201717,3262236,3295134,3268553,3314344,3383752,3443020,3522865,3551375,3569570,3599264,3650269,3757592,3855633,3914087,3970428,3842516,3860386,3934326,3967987,3995182,4019470,4028400,4069050,4150132,4202801,
LAUST510000000000006,3400299,3378790,3428901,3451089,3420680,3446323,3485097,3540081,3605811,3670137,3726468,3753703,3795246,3897042,3978641,4036835,4133443,4118171,4157658,4211802,4223844,4237277,4241179,4216135,4242674,4309588,4331380,
LAUST530000000000003,7.3,7.3,6.6,6.4,6.1,4.9,4.8,4.9,5.2,6.3,7.4,7.4,6.3,5.6,5.0,4.7,5.4,9.2,10.0,9.3,8.1,7.0,6.1,5.6,5.3,4.7,4.5,
LAUST530000000000004,193332,197271,179540,181112,174654,146230,146201,150342,157847,191492,228077,231541,200300,181304,167312,159855,187268,323551,350782,321238,282011,244027,213947,200455,192320,175235,170796,
LAUST530000000000005,2442480,2494999,2559932,2630220,2710214,2835517,2904286,2935202,2901492,2847875,2854762,2895863,2996795,3082399,3156626,3243308,3291309,3211649,3160544,3140190,3189271,3219842,3277540,3349995,3451378,3543665,3622299,
LAUST530000000000006,2635812,2692270,2739472,2811332,2884868,2981747,3050487,3085544,3059339,3039367,3082839,3127404,3197095,3263703,3323938,3403163,3478577,3535200,3511326,3461428,3471282,3463869,3491487,3550450,3643698,3718900,3793095,
LAUST540000000000003,11.3,10.6,8.8,7.9,7.5,6.9,6.6,6.5,5.5,5.0,5.9,6.0,5.3,5.1,4.9,4.6,4.3,7.7,8.7,8.1,7.5,6.8,6.6,6.7,6.1,5.2,5.3,
LAUST540000000000004,88112,82789,69135,61697,59708,54642,52617,51964,44352,40467,47450,47562,41768,40421,39769,37170,35345,62862,70215,65049,60533,54120,52349,52688,47751,40512,41165,
LAUST540000000000005,690770,697021,713372,722870,735701,741865,742528,752379,764711,768661,752548,738990,741890,750561,766399,773990,777560,751165,740910,741972,747384,744410,736472,729215,735157,739079,742179,
LAUST540000000000006,778882,779810,782507,784567,795409,796507,795145,804343,809063,809128,799998,786552,783658,790982,806168,811160,812905,814027,811125,807021,807917,798530,788821,781903,782908,779591,783344,
LAUST550000000000003,5.1,4.8,4.5,3.8,3.6,3.6,3.4,3.1,3.5,4.5,5.4,5.7,5.0,4.7,4.7,4.9,4.9,8.6,8.7,7.8,7.0,6.7,5.4,4.6,4.0,3.3,3.0,
LAUST550000000000004,137382,130994,127767,108879,105909,105714,99559,92035,104839,136118,162698,173863,152517,143000,144785,151376,151358,266013,267119,238763,216563,207308,166551,140698,125080,102957,93999,
LAUST550000000000005,2549773,2623303,2701755,2773322,2827094,2864372,2870031,2855212,2868382,2875585,2861621,2879779,2882064,2878086,2914150,2936452,2940438,2834335,2814393,2840996,2857418,2871997,2914992,2951483,3000231,3037453,3039295,
LAUST550000000000006,2687155,2754297,2829522,2882201,2933003,2970086,2969590,2947247,2973221,3011703,3024319,3053642,3034581,3021086,3058935,3087828,3091796,3100348,3081512,3079759,3073981,3079305,3081543,3092181,3125311,3140410,3133294,
LAUST560000000000003,5.6,5.3,5.0,4.8,4.9,4.8,4.7,4.6,3.9,3.8,4.0,4.3,3.8,3.6,3.2,2.8,3.1,6.3,6.4,5.8,5.3,4.7,4.1,4.3,5.3,4.2,4.1,
LAUST560000000000004,13355,12973,12442,12259,12631,12144,12099,12153,10394,10270,10896,11650,10473,9897,8911,8074,8969,18970,19553,17796,16335,14477,12668,13108,16051,12234,11754,
LAUST560000000000005,225504,229895,238226,243076,243205,241684,245490,250605,256414,259089,258650,261970,264321,266630,272336,278486,284310,281150,283744,289019,290932,292131,293302,291295,284681,280689,277820,
LAUST560000000000006,238859,242868,250668,255335,255836,253828,257589,262758,266808,269359,269546,273620,274794,276527,281247,286560,293279,300120,303297,306815,307267,306608,305970,304403,300732,292923,289574,